Id,Nombre,Descripcion,Estado
1.0,casual,calzado y ropa diseñada para actividad física y deporte,activo
2.0,deportivo,modelos pensados para hombres con ajuste masculino,activo
3.0,formal,opciones resistentes y cómodas para niños,inactivo
4.0,casual,opciones resistentes y cómodas para niños,inactivo
5.0,mujer,opciones resistentes y cómodas para niños,activo
6.0,casual,modelos pensados para hombres con ajuste masculino,activo
7.0,formal,estilo urbano cómodo para el uso diario,inactivo
9.0,formal,calzado elegante y formal para ocasiones especiales,activo
10.0,formal,diseños femeninos con estilo y confort,inactivo
11.0,hombre,modelos pensados para hombres con ajuste masculino,inactivo
12.0,deportivo,calzado elegante y formal para ocasiones especiales,inactivo
13.0,niños,estilo urbano cómodo para el uso diario,inactivo
14.0,mujer,calzado elegante y formal para ocasiones especiales,inactivo
15.0,casual,diseños femeninos con estilo y confort,activo
16.0,mujer,calzado elegante y formal para ocasiones especiales,activo
17.0,mujer,opciones resistentes y cómodas para niños,inactivo
18.0,casual,opciones resistentes y cómodas para niños,inactivo
20.0,niños,calzado elegante y formal para ocasiones especiales,activo
23.0,casual,diseños femeninos con estilo y confort,activo
24.0,deportivo,opciones resistentes y cómodas para niños,activo
25.0,niños,opciones resistentes y cómodas para niños,activo
26.0,deportivo,calzado y ropa diseñada para actividad física y deporte,inactivo
27.0,hombre,diseños femeninos con estilo y confort,inactivo
28.0,casual,diseños femeninos con estilo y confort,activo
29.0,formal,diseños femeninos con estilo y confort,inactivo
30.0,hombre,modelos pensados para hombres con ajuste masculino,inactivo
31.0,niños,diseños femeninos con estilo y confort,inactivo
33.0,deportivo,modelos pensados para hombres con ajuste masculino,activo
34.0,deportivo,diseños femeninos con estilo y confort,activo
35.0,formal,diseños femeninos con estilo y confort,inactivo
36.0,casual,modelos pensados para hombres con ajuste masculino,activo
37.0,niños,modelos pensados para hombres con ajuste masculino,activo
38.0,casual,diseños femeninos con estilo y confort,activo
39.0,deportivo,estilo urbano cómodo para el uso diario,inactivo
40.0,hombre,opciones resistentes y cómodas para niños,inactivo
41.0,mujer,calzado elegante y formal para ocasiones especiales,activo
42.0,hombre,estilo urbano cómodo para el uso diario,activo
43.0,deportivo,calzado y ropa diseñada para actividad física y deporte,inactivo
44.0,mujer,calzado y ropa diseñada para actividad física y deporte,inactivo
45.0,formal,diseños femeninos con estilo y confort,activo
47.0,niños,diseños femeninos con estilo y confort,inactivo
48.0,deportivo,calzado elegante y formal para ocasiones especiales,activo
49.0,mujer,opciones resistentes y cómodas para niños,activo
53.0,casual,calzado y ropa diseñada para actividad física y deporte,inactivo
54.0,deportivo,modelos pensados para hombres con ajuste masculino,inactivo
55.0,deportivo,modelos pensados para hombres con ajuste masculino,inactivo
56.0,niños,opciones resistentes y cómodas para niños,inactivo
57.0,hombre,estilo urbano cómodo para el uso diario,inactivo
58.0,deportivo,diseños femeninos con estilo y confort,activo
60.0,niños,calzado elegante y formal para ocasiones especiales,inactivo
61.0,mujer,calzado elegante y formal para ocasiones especiales,activo
63.0,mujer,opciones resistentes y cómodas para niños,inactivo
64.0,deportivo,modelos pensados para hombres con ajuste masculino,activo
65.0,mujer,opciones resistentes y cómodas para niños,inactivo
66.0,casual,diseños femeninos con estilo y confort,inactivo
67.0,deportivo,opciones resistentes y cómodas para niños,activo
68.0,niños,opciones resistentes y cómodas para niños,activo
69.0,hombre,opciones resistentes y cómodas para niños,inactivo
70.0,hombre,estilo urbano cómodo para el uso diario,inactivo
71.0,mujer,calzado y ropa diseñada para actividad física y deporte,inactivo
72.0,mujer,calzado elegante y formal para ocasiones especiales,activo
73.0,hombre,calzado y ropa diseñada para actividad física y deporte,inactivo
74.0,niños,calzado elegante y formal para ocasiones especiales,activo
75.0,hombre,calzado elegante y formal para ocasiones especiales,activo
76.0,mujer,diseños femeninos con estilo y confort,inactivo
77.0,deportivo,opciones resistentes y cómodas para niños,activo
78.0,niños,diseños femeninos con estilo y confort,activo
79.0,mujer,calzado elegante y formal para ocasiones especiales,activo
80.0,formal,modelos pensados para hombres con ajuste masculino,inactivo
82.0,niños,calzado y ropa diseñada para actividad física y deporte,activo
83.0,niños,calzado y ropa diseñada para actividad física y deporte,activo
84.0,formal,modelos pensados para hombres con ajuste masculino,inactivo
85.0,casual,calzado y ropa diseñada para actividad física y deporte,inactivo
86.0,mujer,diseños femeninos con estilo y confort,activo
87.0,deportivo,calzado elegante y formal para ocasiones especiales,activo
89.0,hombre,calzado elegante y formal para ocasiones especiales,inactivo
90.0,hombre,opciones resistentes y cómodas para niños,inactivo
91.0,niños,calzado elegante y formal para ocasiones especiales,inactivo
92.0,formal,calzado elegante y formal para ocasiones especiales,activo
93.0,formal,calzado elegante y formal para ocasiones especiales,activo
94.0,deportivo,opciones resistentes y cómodas para niños,activo
96.0,mujer,calzado elegante y formal para ocasiones especiales,activo
97.0,deportivo,diseños femeninos con estilo y confort,inactivo
101.0,casual,diseños femeninos con estilo y confort,activo
102.0,casual,opciones resistentes y cómodas para niños,inactivo
103.0,casual,estilo urbano cómodo para el uso diario,inactivo
104.0,deportivo,opciones resistentes y cómodas para niños,activo
107.0,mujer,opciones resistentes y cómodas para niños,activo
110.0,formal,calzado elegante y formal para ocasiones especiales,inactivo
111.0,casual,opciones resistentes y cómodas para niños,inactivo
112.0,mujer,diseños femeninos con estilo y confort,inactivo
113.0,casual,calzado y ropa diseñada para actividad física y deporte,activo
114.0,formal,calzado elegante y formal para ocasiones especiales,activo
115.0,formal,calzado y ropa diseñada para actividad física y deporte,inactivo
116.0,formal,calzado y ropa diseñada para actividad física y deporte,inactivo
117.0,deportivo,calzado y ropa diseñada para actividad física y deporte,inactivo
118.0,casual,estilo urbano cómodo para el uso diario,inactivo
119.0,deportivo,diseños femeninos con estilo y confort,activo
120.0,deportivo,diseños femeninos con estilo y confort,inactivo
121.0,formal,opciones resistentes y cómodas para niños,inactivo
122.0,deportivo,modelos pensados para hombres con ajuste masculino,activo
123.0,formal,calzado elegante y formal para ocasiones especiales,inactivo
124.0,formal,diseños femeninos con estilo y confort,inactivo
125.0,deportivo,opciones resistentes y cómodas para niños,inactivo
126.0,casual,diseños femeninos con estilo y confort,inactivo
127.0,casual,estilo urbano cómodo para el uso diario,activo
128.0,hombre,modelos pensados para hombres con ajuste masculino,inactivo
129.0,deportivo,modelos pensados para hombres con ajuste masculino,inactivo
130.0,hombre,modelos pensados para hombres con ajuste masculino,activo
131.0,hombre,calzado elegante y formal para ocasiones especiales,activo
134.0,mujer,diseños femeninos con estilo y confort,activo
135.0,niños,calzado elegante y formal para ocasiones especiales,activo
136.0,formal,calzado elegante y formal para ocasiones especiales,activo
137.0,mujer,calzado elegante y formal para ocasiones especiales,activo
139.0,casual,diseños femeninos con estilo y confort,activo
140.0,formal,diseños femeninos con estilo y confort,inactivo
142.0,casual,opciones resistentes y cómodas para niños,activo
143.0,deportivo,opciones resistentes y cómodas para niños,inactivo
144.0,casual,opciones resistentes y cómodas para niños,inactivo
145.0,mujer,modelos pensados para hombres con ajuste masculino,activo
147.0,hombre,calzado elegante y formal para ocasiones especiales,activo
148.0,mujer,calzado y ropa diseñada para actividad física y deporte,inactivo
149.0,formal,calzado elegante y formal para ocasiones especiales,inactivo
150.0,deportivo,estilo urbano cómodo para el uso diario,activo
151.0,formal,opciones resistentes y cómodas para niños,activo
152.0,niños,estilo urbano cómodo para el uso diario,activo
153.0,deportivo,calzado elegante y formal para ocasiones especiales,inactivo
154.0,deportivo,opciones resistentes y cómodas para niños,activo
156.0,formal,estilo urbano cómodo para el uso diario,inactivo
157.0,casual,diseños femeninos con estilo y confort,activo
158.0,deportivo,calzado elegante y formal para ocasiones especiales,activo
160.0,mujer,modelos pensados para hombres con ajuste masculino,activo
163.0,niños,modelos pensados para hombres con ajuste masculino,activo
164.0,casual,calzado y ropa diseñada para actividad física y deporte,inactivo
165.0,niños,diseños femeninos con estilo y confort,activo
167.0,casual,estilo urbano cómodo para el uso diario,activo
170.0,mujer,estilo urbano cómodo para el uso diario,inactivo
171.0,formal,modelos pensados para hombres con ajuste masculino,activo
172.0,hombre,diseños femeninos con estilo y confort,inactivo
173.0,niños,calzado y ropa diseñada para actividad física y deporte,inactivo
175.0,deportivo,modelos pensados para hombres con ajuste masculino,activo
179.0,formal,opciones resistentes y cómodas para niños,inactivo
180.0,formal,opciones resistentes y cómodas para niños,activo
183.0,casual,diseños femeninos con estilo y confort,activo
184.0,deportivo,calzado y ropa diseñada para actividad física y deporte,activo
185.0,hombre,calzado elegante y formal para ocasiones especiales,inactivo
186.0,hombre,calzado y ropa diseñada para actividad física y deporte,inactivo
187.0,deportivo,calzado elegante y formal para ocasiones especiales,activo
188.0,deportivo,modelos pensados para hombres con ajuste masculino,activo
189.0,hombre,modelos pensados para hombres con ajuste masculino,inactivo
190.0,deportivo,diseños femeninos con estilo y confort,inactivo
191.0,deportivo,diseños femeninos con estilo y confort,inactivo
192.0,casual,estilo urbano cómodo para el uso diario,activo
193.0,casual,diseños femeninos con estilo y confort,activo
194.0,casual,diseños femeninos con estilo y confort,inactivo
195.0,niños,diseños femeninos con estilo y confort,activo
196.0,casual,opciones resistentes y cómodas para niños,inactivo
197.0,casual,calzado elegante y formal para ocasiones especiales,activo
200.0,niños,opciones resistentes y cómodas para niños,activo
201.0,mujer,calzado elegante y formal para ocasiones especiales,inactivo
203.0,casual,estilo urbano cómodo para el uso diario,inactivo
204.0,mujer,calzado elegante y formal para ocasiones especiales,activo
205.0,hombre,opciones resistentes y cómodas para niños,inactivo
206.0,formal,diseños femeninos con estilo y confort,inactivo
207.0,deportivo,estilo urbano cómodo para el uso diario,inactivo
208.0,hombre,opciones resistentes y cómodas para niños,inactivo
209.0,hombre,calzado y ropa diseñada para actividad física y deporte,inactivo
211.0,casual,estilo urbano cómodo para el uso diario,activo
212.0,formal,modelos pensados para hombres con ajuste masculino,activo
213.0,formal,calzado y ropa diseñada para actividad física y deporte,inactivo
215.0,casual,modelos pensados para hombres con ajuste masculino,inactivo
216.0,casual,calzado elegante y formal para ocasiones especiales,activo
217.0,deportivo,opciones resistentes y cómodas para niños,activo
218.0,mujer,calzado y ropa diseñada para actividad física y deporte,activo
219.0,mujer,calzado elegante y formal para ocasiones especiales,activo
221.0,niños,opciones resistentes y cómodas para niños,inactivo
222.0,casual,diseños femeninos con estilo y confort,inactivo
223.0,formal,diseños femeninos con estilo y confort,inactivo
224.0,formal,opciones resistentes y cómodas para niños,inactivo
225.0,mujer,estilo urbano cómodo para el uso diario,inactivo
226.0,deportivo,modelos pensados para hombres con ajuste masculino,activo
227.0,formal,diseños femeninos con estilo y confort,inactivo
228.0,hombre,calzado y ropa diseñada para actividad física y deporte,inactivo
229.0,mujer,diseños femeninos con estilo y confort,activo
230.0,deportivo,opciones resistentes y cómodas para niños,activo
231.0,hombre,opciones resistentes y cómodas para niños,activo
232.0,formal,diseños femeninos con estilo y confort,activo
233.0,formal,modelos pensados para hombres con ajuste masculino,inactivo
234.0,formal,calzado y ropa diseñada para actividad física y deporte,activo
235.0,casual,calzado y ropa diseñada para actividad física y deporte,activo
236.0,mujer,modelos pensados para hombres con ajuste masculino,activo
239.0,formal,modelos pensados para hombres con ajuste masculino,inactivo
240.0,formal,estilo urbano cómodo para el uso diario,inactivo
241.0,hombre,estilo urbano cómodo para el uso diario,activo
243.0,casual,opciones resistentes y cómodas para niños,inactivo
244.0,mujer,calzado y ropa diseñada para actividad física y deporte,inactivo
245.0,hombre,calzado elegante y formal para ocasiones especiales,activo
246.0,casual,opciones resistentes y cómodas para niños,inactivo
247.0,niños,calzado elegante y formal para ocasiones especiales,inactivo
248.0,mujer,calzado elegante y formal para ocasiones especiales,inactivo
249.0,hombre,calzado y ropa diseñada para actividad física y deporte,activo
251.0,niños,estilo urbano cómodo para el uso diario,inactivo
252.0,niños,estilo urbano cómodo para el uso diario,activo
253.0,formal,estilo urbano cómodo para el uso diario,inactivo
254.0,casual,opciones resistentes y cómodas para niños,activo
255.0,formal,diseños femeninos con estilo y confort,inactivo
256.0,mujer,modelos pensados para hombres con ajuste masculino,inactivo
257.0,niños,estilo urbano cómodo para el uso diario,inactivo
258.0,formal,diseños femeninos con estilo y confort,activo
259.0,casual,estilo urbano cómodo para el uso diario,activo
260.0,hombre,opciones resistentes y cómodas para niños,activo
261.0,niños,calzado elegante y formal para ocasiones especiales,activo
262.0,formal,estilo urbano cómodo para el uso diario,activo
263.0,niños,diseños femeninos con estilo y confort,activo
264.0,mujer,calzado elegante y formal para ocasiones especiales,activo
268.0,niños,calzado y ropa diseñada para actividad física y deporte,activo
269.0,formal,opciones resistentes y cómodas para niños,activo
270.0,formal,calzado elegante y formal para ocasiones especiales,inactivo
271.0,deportivo,modelos pensados para hombres con ajuste masculino,inactivo
272.0,niños,calzado y ropa diseñada para actividad física y deporte,inactivo
273.0,hombre,calzado y ropa diseñada para actividad física y deporte,activo
275.0,formal,opciones resistentes y cómodas para niños,inactivo
276.0,hombre,calzado y ropa diseñada para actividad física y deporte,inactivo
277.0,mujer,opciones resistentes y cómodas para niños,inactivo
278.0,niños,diseños femeninos con estilo y confort,inactivo
280.0,mujer,estilo urbano cómodo para el uso diario,activo
282.0,casual,opciones resistentes y cómodas para niños,inactivo
283.0,mujer,diseños femeninos con estilo y confort,inactivo
284.0,formal,calzado elegante y formal para ocasiones especiales,activo
285.0,hombre,calzado elegante y formal para ocasiones especiales,inactivo
286.0,mujer,calzado y ropa diseñada para actividad física y deporte,inactivo
287.0,mujer,modelos pensados para hombres con ajuste masculino,activo
288.0,formal,calzado y ropa diseñada para actividad física y deporte,inactivo
289.0,niños,diseños femeninos con estilo y confort,inactivo
290.0,hombre,opciones resistentes y cómodas para niños,inactivo
291.0,hombre,calzado elegante y formal para ocasiones especiales,activo
292.0,deportivo,estilo urbano cómodo para el uso diario,activo
293.0,deportivo,opciones resistentes y cómodas para niños,activo
295.0,formal,calzado elegante y formal para ocasiones especiales,activo
296.0,hombre,opciones resistentes y cómodas para niños,inactivo
297.0,casual,calzado elegante y formal para ocasiones especiales,activo
298.0,deportivo,calzado y ropa diseñada para actividad física y deporte,inactivo
299.0,deportivo,calzado elegante y formal para ocasiones especiales,inactivo
300.0,niños,estilo urbano cómodo para el uso diario,activo
301.0,niños,estilo urbano cómodo para el uso diario,inactivo
302.0,casual,calzado elegante y formal para ocasiones especiales,activo
303.0,mujer,opciones resistentes y cómodas para niños,inactivo
304.0,niños,opciones resistentes y cómodas para niños,activo
305.0,hombre,calzado y ropa diseñada para actividad física y deporte,inactivo
306.0,hombre,opciones resistentes y cómodas para niños,inactivo
307.0,niños,modelos pensados para hombres con ajuste masculino,inactivo
309.0,casual,modelos pensados para hombres con ajuste masculino,inactivo
310.0,niños,opciones resistentes y cómodas para niños,inactivo
312.0,mujer,modelos pensados para hombres con ajuste masculino,activo
313.0,hombre,diseños femeninos con estilo y confort,inactivo
314.0,niños,modelos pensados para hombres con ajuste masculino,inactivo
315.0,hombre,calzado y ropa diseñada para actividad física y deporte,activo
316.0,hombre,modelos pensados para hombres con ajuste masculino,activo
317.0,casual,opciones resistentes y cómodas para niños,inactivo
319.0,niños,opciones resistentes y cómodas para niños,activo
321.0,formal,diseños femeninos con estilo y confort,activo
322.0,deportivo,diseños femeninos con estilo y confort,inactivo
323.0,casual,calzado y ropa diseñada para actividad física y deporte,activo
324.0,niños,estilo urbano cómodo para el uso diario,inactivo
327.0,deportivo,calzado elegante y formal para ocasiones especiales,activo
328.0,formal,estilo urbano cómodo para el uso diario,activo
329.0,deportivo,modelos pensados para hombres con ajuste masculino,activo
330.0,niños,diseños femeninos con estilo y confort,activo
332.0,formal,calzado elegante y formal para ocasiones especiales,activo
333.0,casual,opciones resistentes y cómodas para niños,activo
334.0,niños,modelos pensados para hombres con ajuste masculino,inactivo
335.0,casual,estilo urbano cómodo para el uso diario,inactivo
336.0,casual,estilo urbano cómodo para el uso diario,inactivo
337.0,niños,calzado elegante y formal para ocasiones especiales,inactivo
338.0,deportivo,diseños femeninos con estilo y confort,inactivo
339.0,niños,estilo urbano cómodo para el uso diario,inactivo
340.0,formal,opciones resistentes y cómodas para niños,activo
341.0,hombre,modelos pensados para hombres con ajuste masculino,inactivo
342.0,casual,modelos pensados para hombres con ajuste masculino,activo
343.0,formal,modelos pensados para hombres con ajuste masculino,inactivo
345.0,formal,modelos pensados para hombres con ajuste masculino,inactivo
348.0,casual,opciones resistentes y cómodas para niños,activo
349.0,casual,calzado y ropa diseñada para actividad física y deporte,activo
350.0,casual,calzado y ropa diseñada para actividad física y deporte,inactivo
351.0,mujer,estilo urbano cómodo para el uso diario,activo
352.0,formal,calzado y ropa diseñada para actividad física y deporte,inactivo
353.0,formal,calzado y ropa diseñada para actividad física y deporte,inactivo
354.0,deportivo,diseños femeninos con estilo y confort,inactivo
355.0,deportivo,diseños femeninos con estilo y confort,activo
356.0,hombre,modelos pensados para hombres con ajuste masculino,inactivo
357.0,formal,diseños femeninos con estilo y confort,inactivo
359.0,hombre,diseños femeninos con estilo y confort,activo
361.0,niños,diseños femeninos con estilo y confort,inactivo
362.0,niños,calzado elegante y formal para ocasiones especiales,inactivo
364.0,casual,estilo urbano cómodo para el uso diario,activo
365.0,casual,calzado elegante y formal para ocasiones especiales,activo
366.0,formal,estilo urbano cómodo para el uso diario,activo
367.0,mujer,calzado y ropa diseñada para actividad física y deporte,activo
369.0,deportivo,opciones resistentes y cómodas para niños,activo
371.0,deportivo,calzado y ropa diseñada para actividad física y deporte,activo
372.0,hombre,diseños femeninos con estilo y confort,activo
373.0,casual,estilo urbano cómodo para el uso diario,inactivo
374.0,deportivo,calzado elegante y formal para ocasiones especiales,inactivo
375.0,casual,opciones resistentes y cómodas para niños,activo
376.0,niños,modelos pensados para hombres con ajuste masculino,inactivo
378.0,formal,opciones resistentes y cómodas para niños,inactivo
380.0,deportivo,modelos pensados para hombres con ajuste masculino,activo
381.0,deportivo,calzado y ropa diseñada para actividad física y deporte,inactivo
382.0,mujer,diseños femeninos con estilo y confort,activo
385.0,formal,estilo urbano cómodo para el uso diario,activo
387.0,mujer,opciones resistentes y cómodas para niños,activo
388.0,deportivo,opciones resistentes y cómodas para niños,inactivo
389.0,casual,calzado y ropa diseñada para actividad física y deporte,activo
390.0,deportivo,calzado y ropa diseñada para actividad física y deporte,activo
391.0,niños,calzado elegante y formal para ocasiones especiales,activo
392.0,deportivo,diseños femeninos con estilo y confort,activo
393.0,mujer,opciones resistentes y cómodas para niños,inactivo
394.0,deportivo,diseños femeninos con estilo y confort,activo
395.0,deportivo,calzado elegante y formal para ocasiones especiales,activo
396.0,hombre,calzado y ropa diseñada para actividad física y deporte,activo
397.0,hombre,calzado y ropa diseñada para actividad física y deporte,activo
398.0,hombre,opciones resistentes y cómodas para niños,activo
399.0,deportivo,diseños femeninos con estilo y confort,activo
400.0,formal,estilo urbano cómodo para el uso diario,activo
401.0,hombre,estilo urbano cómodo para el uso diario,inactivo
402.0,casual,calzado y ropa diseñada para actividad física y deporte,activo
403.0,deportivo,calzado y ropa diseñada para actividad física y deporte,activo
405.0,mujer,diseños femeninos con estilo y confort,inactivo
406.0,formal,opciones resistentes y cómodas para niños,activo
407.0,mujer,calzado y ropa diseñada para actividad física y deporte,inactivo
409.0,formal,estilo urbano cómodo para el uso diario,activo
410.0,casual,calzado y ropa diseñada para actividad física y deporte,activo
411.0,casual,estilo urbano cómodo para el uso diario,activo
412.0,mujer,diseños femeninos con estilo y confort,inactivo
413.0,hombre,modelos pensados para hombres con ajuste masculino,inactivo
414.0,mujer,opciones resistentes y cómodas para niños,activo
415.0,niños,calzado y ropa diseñada para actividad física y deporte,activo
416.0,casual,calzado elegante y formal para ocasiones especiales,activo
417.0,deportivo,opciones resistentes y cómodas para niños,inactivo
418.0,mujer,calzado elegante y formal para ocasiones especiales,activo
419.0,hombre,modelos pensados para hombres con ajuste masculino,activo
420.0,casual,opciones resistentes y cómodas para niños,activo
421.0,hombre,modelos pensados para hombres con ajuste masculino,activo
422.0,formal,diseños femeninos con estilo y confort,activo
423.0,hombre,modelos pensados para hombres con ajuste masculino,inactivo
425.0,casual,diseños femeninos con estilo y confort,inactivo
426.0,formal,opciones resistentes y cómodas para niños,inactivo
427.0,deportivo,modelos pensados para hombres con ajuste masculino,activo
428.0,deportivo,calzado y ropa diseñada para actividad física y deporte,inactivo
429.0,mujer,modelos pensados para hombres con ajuste masculino,activo
430.0,casual,opciones resistentes y cómodas para niños,activo
431.0,niños,modelos pensados para hombres con ajuste masculino,inactivo
432.0,hombre,calzado y ropa diseñada para actividad física y deporte,inactivo
433.0,mujer,calzado y ropa diseñada para actividad física y deporte,activo
434.0,mujer,calzado y ropa diseñada para actividad física y deporte,activo
435.0,hombre,calzado elegante y formal para ocasiones especiales,inactivo
437.0,casual,modelos pensados para hombres con ajuste masculino,activo
439.0,hombre,calzado y ropa diseñada para actividad física y deporte,inactivo
440.0,hombre,calzado y ropa diseñada para actividad física y deporte,inactivo
441.0,casual,calzado elegante y formal para ocasiones especiales,inactivo
442.0,deportivo,estilo urbano cómodo para el uso diario,activo
443.0,hombre,diseños femeninos con estilo y confort,inactivo
444.0,formal,calzado y ropa diseñada para actividad física y deporte,inactivo
445.0,formal,estilo urbano cómodo para el uso diario,activo
446.0,niños,calzado y ropa diseñada para actividad física y deporte,activo
447.0,hombre,estilo urbano cómodo para el uso diario,inactivo
448.0,hombre,modelos pensados para hombres con ajuste masculino,activo
449.0,deportivo,opciones resistentes y cómodas para niños,inactivo
450.0,deportivo,calzado elegante y formal para ocasiones especiales,activo
451.0,deportivo,estilo urbano cómodo para el uso diario,activo
453.0,mujer,calzado y ropa diseñada para actividad física y deporte,inactivo
454.0,casual,calzado elegante y formal para ocasiones especiales,activo
455.0,niños,opciones resistentes y cómodas para niños,activo
457.0,formal,diseños femeninos con estilo y confort,inactivo
459.0,casual,estilo urbano cómodo para el uso diario,inactivo
461.0,deportivo,estilo urbano cómodo para el uso diario,activo
462.0,hombre,opciones resistentes y cómodas para niños,activo
463.0,deportivo,diseños femeninos con estilo y confort,inactivo
464.0,casual,opciones resistentes y cómodas para niños,inactivo
465.0,hombre,modelos pensados para hombres con ajuste masculino,inactivo
467.0,formal,calzado elegante y formal para ocasiones especiales,inactivo
468.0,hombre,calzado elegante y formal para ocasiones especiales,inactivo
469.0,casual,estilo urbano cómodo para el uso diario,inactivo
470.0,niños,calzado y ropa diseñada para actividad física y deporte,inactivo
472.0,niños,diseños femeninos con estilo y confort,inactivo
478.0,deportivo,calzado elegante y formal para ocasiones especiales,activo
479.0,hombre,diseños femeninos con estilo y confort,inactivo
481.0,niños,calzado y ropa diseñada para actividad física y deporte,activo
483.0,formal,estilo urbano cómodo para el uso diario,activo
484.0,niños,calzado y ropa diseñada para actividad física y deporte,activo
485.0,casual,calzado y ropa diseñada para actividad física y deporte,inactivo
487.0,deportivo,opciones resistentes y cómodas para niños,activo
489.0,formal,calzado elegante y formal para ocasiones especiales,inactivo
490.0,hombre,estilo urbano cómodo para el uso diario,activo
492.0,mujer,modelos pensados para hombres con ajuste masculino,activo
493.0,formal,calzado elegante y formal para ocasiones especiales,activo
494.0,deportivo,modelos pensados para hombres con ajuste masculino,activo
497.0,deportivo,opciones resistentes y cómodas para niños,activo
499.0,mujer,opciones resistentes y cómodas para niños,inactivo
502.0,mujer,diseños femeninos con estilo y confort,inactivo
503.0,hombre,diseños femeninos con estilo y confort,activo
504.0,formal,opciones resistentes y cómodas para niños,activo
506.0,deportivo,modelos pensados para hombres con ajuste masculino,activo
507.0,casual,estilo urbano cómodo para el uso diario,inactivo
508.0,niños,calzado elegante y formal para ocasiones especiales,inactivo
509.0,niños,calzado y ropa diseñada para actividad física y deporte,activo
510.0,formal,diseños femeninos con estilo y confort,inactivo
511.0,deportivo,estilo urbano cómodo para el uso diario,inactivo
513.0,casual,calzado y ropa diseñada para actividad física y deporte,inactivo
514.0,deportivo,modelos pensados para hombres con ajuste masculino,inactivo
515.0,mujer,calzado y ropa diseñada para actividad física y deporte,inactivo
517.0,casual,estilo urbano cómodo para el uso diario,activo
518.0,formal,calzado elegante y formal para ocasiones especiales,activo
520.0,casual,estilo urbano cómodo para el uso diario,activo
522.0,mujer,modelos pensados para hombres con ajuste masculino,inactivo
523.0,hombre,diseños femeninos con estilo y confort,activo
524.0,mujer,modelos pensados para hombres con ajuste masculino,inactivo
526.0,mujer,estilo urbano cómodo para el uso diario,activo
527.0,hombre,diseños femeninos con estilo y confort,inactivo
528.0,hombre,opciones resistentes y cómodas para niños,inactivo
529.0,formal,modelos pensados para hombres con ajuste masculino,inactivo
530.0,hombre,calzado y ropa diseñada para actividad física y deporte,activo
531.0,deportivo,diseños femeninos con estilo y confort,inactivo
532.0,niños,diseños femeninos con estilo y confort,activo
536.0,casual,diseños femeninos con estilo y confort,activo
538.0,niños,opciones resistentes y cómodas para niños,activo
539.0,hombre,calzado y ropa diseñada para actividad física y deporte,inactivo
540.0,mujer,estilo urbano cómodo para el uso diario,activo
542.0,hombre,modelos pensados para hombres con ajuste masculino,inactivo
544.0,niños,calzado elegante y formal para ocasiones especiales,inactivo
545.0,deportivo,estilo urbano cómodo para el uso diario,inactivo
546.0,mujer,calzado elegante y formal para ocasiones especiales,inactivo
547.0,niños,modelos pensados para hombres con ajuste masculino,activo
548.0,hombre,estilo urbano cómodo para el uso diario,activo
549.0,formal,calzado y ropa diseñada para actividad física y deporte,activo
550.0,deportivo,estilo urbano cómodo para el uso diario,inactivo
551.0,hombre,estilo urbano cómodo para el uso diario,inactivo
552.0,deportivo,diseños femeninos con estilo y confort,inactivo
553.0,hombre,calzado elegante y formal para ocasiones especiales,activo
554.0,formal,diseños femeninos con estilo y confort,inactivo
555.0,deportivo,opciones resistentes y cómodas para niños,inactivo
557.0,mujer,modelos pensados para hombres con ajuste masculino,inactivo
558.0,niños,calzado elegante y formal para ocasiones especiales,activo
559.0,niños,opciones resistentes y cómodas para niños,inactivo
560.0,deportivo,modelos pensados para hombres con ajuste masculino,inactivo
561.0,casual,diseños femeninos con estilo y confort,activo
562.0,deportivo,modelos pensados para hombres con ajuste masculino,inactivo
563.0,niños,opciones resistentes y cómodas para niños,inactivo
564.0,deportivo,diseños femeninos con estilo y confort,activo
565.0,formal,estilo urbano cómodo para el uso diario,inactivo
566.0,formal,calzado y ropa diseñada para actividad física y deporte,inactivo
568.0,niños,modelos pensados para hombres con ajuste masculino,inactivo
569.0,deportivo,calzado y ropa diseñada para actividad física y deporte,activo
570.0,formal,calzado elegante y formal para ocasiones especiales,activo
571.0,casual,calzado elegante y formal para ocasiones especiales,activo
572.0,niños,opciones resistentes y cómodas para niños,activo
573.0,niños,modelos pensados para hombres con ajuste masculino,activo
576.0,deportivo,estilo urbano cómodo para el uso diario,activo
577.0,casual,estilo urbano cómodo para el uso diario,inactivo
579.0,formal,diseños femeninos con estilo y confort,activo
580.0,formal,estilo urbano cómodo para el uso diario,inactivo
581.0,formal,opciones resistentes y cómodas para niños,activo
582.0,formal,modelos pensados para hombres con ajuste masculino,activo
584.0,formal,calzado y ropa diseñada para actividad física y deporte,inactivo
585.0,formal,opciones resistentes y cómodas para niños,inactivo
586.0,casual,calzado y ropa diseñada para actividad física y deporte,activo
587.0,deportivo,estilo urbano cómodo para el uso diario,activo
588.0,casual,modelos pensados para hombres con ajuste masculino,inactivo
589.0,mujer,calzado elegante y formal para ocasiones especiales,activo
591.0,deportivo,calzado elegante y formal para ocasiones especiales,activo
596.0,niños,opciones resistentes y cómodas para niños,activo
597.0,casual,opciones resistentes y cómodas para niños,activo
598.0,mujer,estilo urbano cómodo para el uso diario,inactivo
600.0,formal,calzado y ropa diseñada para actividad física y deporte,activo
601.0,hombre,estilo urbano cómodo para el uso diario,activo
603.0,formal,calzado elegante y formal para ocasiones especiales,inactivo
605.0,hombre,diseños femeninos con estilo y confort,activo
606.0,niños,estilo urbano cómodo para el uso diario,activo
607.0,casual,calzado y ropa diseñada para actividad física y deporte,activo
609.0,casual,diseños femeninos con estilo y confort,activo
611.0,casual,calzado elegante y formal para ocasiones especiales,activo
612.0,hombre,opciones resistentes y cómodas para niños,activo
613.0,casual,modelos pensados para hombres con ajuste masculino,inactivo
614.0,hombre,diseños femeninos con estilo y confort,inactivo
615.0,formal,estilo urbano cómodo para el uso diario,inactivo
616.0,casual,estilo urbano cómodo para el uso diario,activo
617.0,niños,opciones resistentes y cómodas para niños,activo
618.0,formal,opciones resistentes y cómodas para niños,inactivo
619.0,hombre,calzado elegante y formal para ocasiones especiales,activo
620.0,formal,calzado y ropa diseñada para actividad física y deporte,activo
622.0,deportivo,diseños femeninos con estilo y confort,inactivo
625.0,deportivo,opciones resistentes y cómodas para niños,activo
627.0,mujer,estilo urbano cómodo para el uso diario,inactivo
628.0,hombre,calzado y ropa diseñada para actividad física y deporte,activo
629.0,mujer,diseños femeninos con estilo y confort,activo
631.0,formal,diseños femeninos con estilo y confort,inactivo
632.0,mujer,opciones resistentes y cómodas para niños,activo
633.0,mujer,calzado elegante y formal para ocasiones especiales,inactivo
634.0,hombre,opciones resistentes y cómodas para niños,inactivo
635.0,mujer,modelos pensados para hombres con ajuste masculino,inactivo
636.0,casual,calzado y ropa diseñada para actividad física y deporte,activo
638.0,mujer,modelos pensados para hombres con ajuste masculino,inactivo
640.0,mujer,opciones resistentes y cómodas para niños,inactivo
641.0,hombre,opciones resistentes y cómodas para niños,activo
642.0,formal,calzado y ropa diseñada para actividad física y deporte,inactivo
643.0,deportivo,calzado elegante y formal para ocasiones especiales,inactivo
645.0,deportivo,estilo urbano cómodo para el uso diario,inactivo
646.0,niños,calzado y ropa diseñada para actividad física y deporte,activo
647.0,casual,diseños femeninos con estilo y confort,activo
648.0,formal,calzado elegante y formal para ocasiones especiales,activo
649.0,formal,calzado y ropa diseñada para actividad física y deporte,activo
650.0,hombre,modelos pensados para hombres con ajuste masculino,activo
652.0,casual,estilo urbano cómodo para el uso diario,inactivo
653.0,casual,diseños femeninos con estilo y confort,inactivo
654.0,mujer,calzado elegante y formal para ocasiones especiales,activo
655.0,deportivo,estilo urbano cómodo para el uso diario,inactivo
656.0,formal,diseños femeninos con estilo y confort,inactivo
657.0,formal,diseños femeninos con estilo y confort,inactivo
658.0,hombre,calzado elegante y formal para ocasiones especiales,activo
659.0,hombre,diseños femeninos con estilo y confort,inactivo
660.0,casual,modelos pensados para hombres con ajuste masculino,inactivo
661.0,deportivo,estilo urbano cómodo para el uso diario,activo
662.0,deportivo,estilo urbano cómodo para el uso diario,inactivo
663.0,deportivo,calzado elegante y formal para ocasiones especiales,inactivo
664.0,mujer,calzado elegante y formal para ocasiones especiales,activo
665.0,deportivo,opciones resistentes y cómodas para niños,activo
666.0,niños,calzado y ropa diseñada para actividad física y deporte,inactivo
667.0,deportivo,opciones resistentes y cómodas para niños,activo
668.0,deportivo,opciones resistentes y cómodas para niños,activo
669.0,casual,opciones resistentes y cómodas para niños,inactivo
670.0,deportivo,diseños femeninos con estilo y confort,activo
671.0,casual,opciones resistentes y cómodas para niños,inactivo
672.0,formal,calzado elegante y formal para ocasiones especiales,activo
673.0,casual,estilo urbano cómodo para el uso diario,activo
674.0,casual,calzado y ropa diseñada para actividad física y deporte,inactivo
675.0,mujer,diseños femeninos con estilo y confort,activo
676.0,formal,opciones resistentes y cómodas para niños,activo
677.0,niños,opciones resistentes y cómodas para niños,inactivo
678.0,deportivo,calzado elegante y formal para ocasiones especiales,inactivo
681.0,casual,opciones resistentes y cómodas para niños,activo
682.0,niños,diseños femeninos con estilo y confort,activo
684.0,hombre,diseños femeninos con estilo y confort,activo
685.0,hombre,estilo urbano cómodo para el uso diario,activo
686.0,mujer,opciones resistentes y cómodas para niños,inactivo
687.0,formal,estilo urbano cómodo para el uso diario,inactivo
688.0,hombre,opciones resistentes y cómodas para niños,activo
689.0,deportivo,calzado elegante y formal para ocasiones especiales,inactivo
690.0,niños,estilo urbano cómodo para el uso diario,inactivo
691.0,hombre,estilo urbano cómodo para el uso diario,activo
693.0,hombre,calzado elegante y formal para ocasiones especiales,inactivo
694.0,formal,diseños femeninos con estilo y confort,activo
695.0,mujer,modelos pensados para hombres con ajuste masculino,activo
696.0,hombre,modelos pensados para hombres con ajuste masculino,activo
697.0,niños,calzado y ropa diseñada para actividad física y deporte,inactivo
698.0,hombre,diseños femeninos con estilo y confort,activo
699.0,niños,modelos pensados para hombres con ajuste masculino,activo
700.0,deportivo,calzado elegante y formal para ocasiones especiales,inactivo
702.0,mujer,calzado y ropa diseñada para actividad física y deporte,inactivo
704.0,casual,calzado elegante y formal para ocasiones especiales,activo
705.0,deportivo,modelos pensados para hombres con ajuste masculino,inactivo
706.0,formal,estilo urbano cómodo para el uso diario,inactivo
707.0,deportivo,calzado y ropa diseñada para actividad física y deporte,activo
708.0,formal,calzado y ropa diseñada para actividad física y deporte,activo
711.0,formal,calzado elegante y formal para ocasiones especiales,activo
713.0,mujer,calzado y ropa diseñada para actividad física y deporte,activo
714.0,hombre,diseños femeninos con estilo y confort,activo
715.0,deportivo,opciones resistentes y cómodas para niños,activo
716.0,casual,modelos pensados para hombres con ajuste masculino,activo
718.0,deportivo,calzado y ropa diseñada para actividad física y deporte,activo
719.0,casual,estilo urbano cómodo para el uso diario,activo
720.0,formal,diseños femeninos con estilo y confort,activo
721.0,hombre,diseños femeninos con estilo y confort,activo
722.0,deportivo,calzado y ropa diseñada para actividad física y deporte,inactivo
723.0,formal,opciones resistentes y cómodas para niños,inactivo
724.0,hombre,estilo urbano cómodo para el uso diario,activo
726.0,hombre,calzado elegante y formal para ocasiones especiales,inactivo
727.0,mujer,calzado elegante y formal para ocasiones especiales,inactivo
728.0,niños,diseños femeninos con estilo y confort,inactivo
729.0,niños,calzado y ropa diseñada para actividad física y deporte,inactivo
731.0,mujer,calzado elegante y formal para ocasiones especiales,activo
732.0,niños,estilo urbano cómodo para el uso diario,inactivo
735.0,formal,modelos pensados para hombres con ajuste masculino,activo
736.0,casual,diseños femeninos con estilo y confort,inactivo
738.0,casual,diseños femeninos con estilo y confort,activo
739.0,mujer,modelos pensados para hombres con ajuste masculino,activo
740.0,formal,opciones resistentes y cómodas para niños,activo
741.0,mujer,estilo urbano cómodo para el uso diario,inactivo
742.0,mujer,modelos pensados para hombres con ajuste masculino,activo
743.0,deportivo,diseños femeninos con estilo y confort,activo
745.0,formal,diseños femeninos con estilo y confort,inactivo
746.0,mujer,modelos pensados para hombres con ajuste masculino,inactivo
747.0,hombre,estilo urbano cómodo para el uso diario,activo
750.0,deportivo,calzado y ropa diseñada para actividad física y deporte,activo
751.0,casual,calzado y ropa diseñada para actividad física y deporte,inactivo
752.0,mujer,estilo urbano cómodo para el uso diario,activo
753.0,hombre,diseños femeninos con estilo y confort,activo
754.0,casual,estilo urbano cómodo para el uso diario,inactivo
755.0,formal,opciones resistentes y cómodas para niños,inactivo
756.0,deportivo,calzado y ropa diseñada para actividad física y deporte,inactivo
757.0,deportivo,opciones resistentes y cómodas para niños,activo
758.0,niños,modelos pensados para hombres con ajuste masculino,activo
759.0,hombre,modelos pensados para hombres con ajuste masculino,activo
760.0,niños,opciones resistentes y cómodas para niños,activo
761.0,mujer,calzado elegante y formal para ocasiones especiales,inactivo
762.0,hombre,estilo urbano cómodo para el uso diario,inactivo
763.0,casual,modelos pensados para hombres con ajuste masculino,activo
764.0,casual,modelos pensados para hombres con ajuste masculino,activo
766.0,niños,opciones resistentes y cómodas para niños,inactivo
768.0,mujer,calzado elegante y formal para ocasiones especiales,inactivo
769.0,mujer,opciones resistentes y cómodas para niños,inactivo
770.0,casual,diseños femeninos con estilo y confort,inactivo
773.0,mujer,diseños femeninos con estilo y confort,inactivo
774.0,formal,estilo urbano cómodo para el uso diario,inactivo
776.0,mujer,opciones resistentes y cómodas para niños,inactivo
778.0,deportivo,calzado y ropa diseñada para actividad física y deporte,activo
779.0,formal,calzado y ropa diseñada para actividad física y deporte,activo
780.0,mujer,opciones resistentes y cómodas para niños,inactivo
781.0,mujer,opciones resistentes y cómodas para niños,inactivo
782.0,deportivo,calzado elegante y formal para ocasiones especiales,activo
783.0,hombre,calzado y ropa diseñada para actividad física y deporte,inactivo
784.0,formal,calzado y ropa diseñada para actividad física y deporte,activo
786.0,deportivo,diseños femeninos con estilo y confort,inactivo
787.0,formal,modelos pensados para hombres con ajuste masculino,inactivo
788.0,formal,diseños femeninos con estilo y confort,activo
789.0,formal,calzado y ropa diseñada para actividad física y deporte,inactivo
790.0,hombre,opciones resistentes y cómodas para niños,inactivo
794.0,hombre,opciones resistentes y cómodas para niños,inactivo
795.0,casual,modelos pensados para hombres con ajuste masculino,activo
797.0,hombre,opciones resistentes y cómodas para niños,inactivo
798.0,deportivo,calzado y ropa diseñada para actividad física y deporte,inactivo
800.0,casual,opciones resistentes y cómodas para niños,inactivo
802.0,hombre,calzado elegante y formal para ocasiones especiales,inactivo
803.0,niños,diseños femeninos con estilo y confort,inactivo
805.0,deportivo,diseños femeninos con estilo y confort,inactivo
806.0,deportivo,opciones resistentes y cómodas para niños,activo
807.0,hombre,calzado y ropa diseñada para actividad física y deporte,activo
808.0,hombre,opciones resistentes y cómodas para niños,inactivo
809.0,deportivo,diseños femeninos con estilo y confort,activo
810.0,deportivo,calzado y ropa diseñada para actividad física y deporte,inactivo
811.0,casual,opciones resistentes y cómodas para niños,inactivo
812.0,hombre,modelos pensados para hombres con ajuste masculino,inactivo
813.0,deportivo,calzado y ropa diseñada para actividad física y deporte,activo
815.0,deportivo,calzado y ropa diseñada para actividad física y deporte,activo
816.0,mujer,calzado y ropa diseñada para actividad física y deporte,inactivo
817.0,niños,diseños femeninos con estilo y confort,activo
818.0,niños,calzado y ropa diseñada para actividad física y deporte,activo
819.0,casual,opciones resistentes y cómodas para niños,activo
821.0,formal,estilo urbano cómodo para el uso diario,inactivo
822.0,niños,opciones resistentes y cómodas para niños,inactivo
823.0,deportivo,diseños femeninos con estilo y confort,inactivo
826.0,mujer,modelos pensados para hombres con ajuste masculino,inactivo
827.0,niños,diseños femeninos con estilo y confort,activo
830.0,casual,diseños femeninos con estilo y confort,inactivo
831.0,deportivo,estilo urbano cómodo para el uso diario,inactivo
832.0,niños,calzado elegante y formal para ocasiones especiales,inactivo
833.0,hombre,estilo urbano cómodo para el uso diario,activo
835.0,mujer,calzado y ropa diseñada para actividad física y deporte,inactivo
836.0,casual,modelos pensados para hombres con ajuste masculino,inactivo
838.0,mujer,estilo urbano cómodo para el uso diario,activo
839.0,mujer,calzado y ropa diseñada para actividad física y deporte,activo
840.0,niños,estilo urbano cómodo para el uso diario,inactivo
841.0,hombre,diseños femeninos con estilo y confort,activo
842.0,mujer,calzado elegante y formal para ocasiones especiales,activo
843.0,formal,modelos pensados para hombres con ajuste masculino,activo
844.0,formal,estilo urbano cómodo para el uso diario,inactivo
845.0,hombre,estilo urbano cómodo para el uso diario,inactivo
846.0,niños,modelos pensados para hombres con ajuste masculino,activo
847.0,casual,diseños femeninos con estilo y confort,activo
848.0,mujer,calzado y ropa diseñada para actividad física y deporte,activo
849.0,mujer,modelos pensados para hombres con ajuste masculino,inactivo
851.0,casual,modelos pensados para hombres con ajuste masculino,inactivo
852.0,hombre,calzado y ropa diseñada para actividad física y deporte,activo
854.0,mujer,diseños femeninos con estilo y confort,inactivo
855.0,casual,estilo urbano cómodo para el uso diario,activo
856.0,formal,opciones resistentes y cómodas para niños,inactivo
858.0,casual,estilo urbano cómodo para el uso diario,inactivo
859.0,niños,estilo urbano cómodo para el uso diario,activo
860.0,mujer,modelos pensados para hombres con ajuste masculino,inactivo
861.0,casual,calzado elegante y formal para ocasiones especiales,activo
862.0,hombre,calzado elegante y formal para ocasiones especiales,activo
863.0,hombre,calzado y ropa diseñada para actividad física y deporte,activo
864.0,niños,calzado elegante y formal para ocasiones especiales,inactivo
865.0,mujer,calzado elegante y formal para ocasiones especiales,activo
866.0,hombre,estilo urbano cómodo para el uso diario,inactivo
868.0,formal,calzado y ropa diseñada para actividad física y deporte,inactivo
871.0,formal,diseños femeninos con estilo y confort,activo
872.0,hombre,modelos pensados para hombres con ajuste masculino,activo
873.0,mujer,estilo urbano cómodo para el uso diario,activo
874.0,niños,modelos pensados para hombres con ajuste masculino,activo
876.0,mujer,opciones resistentes y cómodas para niños,activo
877.0,casual,calzado elegante y formal para ocasiones especiales,inactivo
878.0,formal,modelos pensados para hombres con ajuste masculino,inactivo
879.0,casual,modelos pensados para hombres con ajuste masculino,inactivo
880.0,hombre,calzado elegante y formal para ocasiones especiales,activo
882.0,hombre,opciones resistentes y cómodas para niños,activo
883.0,formal,diseños femeninos con estilo y confort,activo
884.0,deportivo,diseños femeninos con estilo y confort,activo
885.0,mujer,calzado y ropa diseñada para actividad física y deporte,activo
886.0,hombre,opciones resistentes y cómodas para niños,inactivo
887.0,hombre,diseños femeninos con estilo y confort,inactivo
888.0,deportivo,estilo urbano cómodo para el uso diario,activo
889.0,casual,calzado elegante y formal para ocasiones especiales,inactivo
891.0,hombre,calzado y ropa diseñada para actividad física y deporte,inactivo
892.0,mujer,calzado y ropa diseñada para actividad física y deporte,inactivo
893.0,deportivo,modelos pensados para hombres con ajuste masculino,activo
894.0,formal,opciones resistentes y cómodas para niños,activo
895.0,niños,modelos pensados para hombres con ajuste masculino,activo
896.0,mujer,calzado y ropa diseñada para actividad física y deporte,inactivo
897.0,hombre,calzado y ropa diseñada para actividad física y deporte,activo
898.0,mujer,calzado y ropa diseñada para actividad física y deporte,activo
899.0,mujer,modelos pensados para hombres con ajuste masculino,activo
900.0,formal,calzado elegante y formal para ocasiones especiales,inactivo
901.0,formal,calzado y ropa diseñada para actividad física y deporte,activo
902.0,casual,calzado elegante y formal para ocasiones especiales,inactivo
903.0,deportivo,modelos pensados para hombres con ajuste masculino,inactivo
904.0,niños,calzado y ropa diseñada para actividad física y deporte,activo
905.0,mujer,opciones resistentes y cómodas para niños,inactivo
907.0,mujer,calzado y ropa diseñada para actividad física y deporte,activo
909.0,formal,opciones resistentes y cómodas para niños,activo
910.0,casual,diseños femeninos con estilo y confort,inactivo
911.0,niños,diseños femeninos con estilo y confort,activo
912.0,formal,diseños femeninos con estilo y confort,activo
913.0,niños,estilo urbano cómodo para el uso diario,activo
914.0,niños,modelos pensados para hombres con ajuste masculino,activo
915.0,deportivo,estilo urbano cómodo para el uso diario,activo
916.0,deportivo,calzado y ropa diseñada para actividad física y deporte,activo
917.0,deportivo,estilo urbano cómodo para el uso diario,activo
919.0,mujer,calzado y ropa diseñada para actividad física y deporte,inactivo
920.0,formal,estilo urbano cómodo para el uso diario,activo
922.0,niños,estilo urbano cómodo para el uso diario,inactivo
923.0,mujer,opciones resistentes y cómodas para niños,activo
924.0,formal,diseños femeninos con estilo y confort,inactivo
925.0,hombre,calzado y ropa diseñada para actividad física y deporte,activo
927.0,niños,estilo urbano cómodo para el uso diario,inactivo
930.0,formal,calzado elegante y formal para ocasiones especiales,inactivo
931.0,formal,estilo urbano cómodo para el uso diario,inactivo
932.0,casual,diseños femeninos con estilo y confort,activo
935.0,deportivo,calzado y ropa diseñada para actividad física y deporte,activo
936.0,niños,modelos pensados para hombres con ajuste masculino,inactivo
937.0,niños,modelos pensados para hombres con ajuste masculino,inactivo
938.0,hombre,diseños femeninos con estilo y confort,inactivo
940.0,formal,diseños femeninos con estilo y confort,inactivo
941.0,mujer,calzado elegante y formal para ocasiones especiales,activo
942.0,casual,calzado y ropa diseñada para actividad física y deporte,activo
943.0,formal,estilo urbano cómodo para el uso diario,inactivo
946.0,formal,modelos pensados para hombres con ajuste masculino,activo
948.0,formal,calzado elegante y formal para ocasiones especiales,activo
949.0,hombre,estilo urbano cómodo para el uso diario,activo
951.0,mujer,modelos pensados para hombres con ajuste masculino,activo
954.0,formal,modelos pensados para hombres con ajuste masculino,activo
955.0,deportivo,diseños femeninos con estilo y confort,activo
956.0,mujer,estilo urbano cómodo para el uso diario,activo
957.0,casual,calzado y ropa diseñada para actividad física y deporte,activo
958.0,hombre,calzado elegante y formal para ocasiones especiales,inactivo
959.0,casual,modelos pensados para hombres con ajuste masculino,activo
960.0,mujer,opciones resistentes y cómodas para niños,inactivo
961.0,deportivo,estilo urbano cómodo para el uso diario,activo
962.0,formal,diseños femeninos con estilo y confort,activo
963.0,mujer,modelos pensados para hombres con ajuste masculino,inactivo
964.0,deportivo,modelos pensados para hombres con ajuste masculino,inactivo
965.0,mujer,calzado y ropa diseñada para actividad física y deporte,inactivo
966.0,casual,calzado y ropa diseñada para actividad física y deporte,inactivo
967.0,casual,calzado y ropa diseñada para actividad física y deporte,activo
968.0,hombre,calzado elegante y formal para ocasiones especiales,inactivo
969.0,niños,diseños femeninos con estilo y confort,inactivo
970.0,mujer,estilo urbano cómodo para el uso diario,activo
971.0,deportivo,diseños femeninos con estilo y confort,activo
972.0,formal,calzado y ropa diseñada para actividad física y deporte,inactivo
973.0,formal,calzado elegante y formal para ocasiones especiales,inactivo
975.0,formal,calzado elegante y formal para ocasiones especiales,activo
976.0,niños,estilo urbano cómodo para el uso diario,activo
977.0,formal,diseños femeninos con estilo y confort,activo
978.0,hombre,calzado y ropa diseñada para actividad física y deporte,activo
979.0,mujer,modelos pensados para hombres con ajuste masculino,inactivo
980.0,niños,diseños femeninos con estilo y confort,activo
982.0,mujer,estilo urbano cómodo para el uso diario,activo
983.0,deportivo,calzado y ropa diseñada para actividad física y deporte,inactivo
984.0,hombre,opciones resistentes y cómodas para niños,inactivo
985.0,formal,opciones resistentes y cómodas para niños,activo
986.0,casual,diseños femeninos con estilo y confort,inactivo
987.0,niños,calzado elegante y formal para ocasiones especiales,inactivo
988.0,casual,diseños femeninos con estilo y confort,inactivo
989.0,mujer,calzado elegante y formal para ocasiones especiales,inactivo
990.0,formal,estilo urbano cómodo para el uso diario,inactivo
991.0,formal,diseños femeninos con estilo y confort,activo
992.0,deportivo,diseños femeninos con estilo y confort,activo
993.0,niños,diseños femeninos con estilo y confort,inactivo
994.0,casual,calzado elegante y formal para ocasiones especiales,inactivo
995.0,formal,estilo urbano cómodo para el uso diario,activo
998.0,formal,diseños femeninos con estilo y confort,activo
1000.0,deportivo,opciones resistentes y cómodas para niños,inactivo
