Id,Nombres,Apellidos,Email,Contraseña
1.0,lucía,fernández,andres@gmail.com,
2.0,valentina,díaz,ana@gmail.com,admin789
3.0,carlos,lópez,pedro@gmail.com,12345abc
4.0,miguel,díaz,andres@gmail.com,qwerty456
5.0,juan,vargas,lucia@gmail.com,password123
7.0,sofía,gómez,andres@gmail.com,mysecretpassword
8.0,sofía,gómez,sofia@gmail.com,password123
9.0,pedro,gómez,luis@gmail.com,qwerty456
11.0,ana,vargas,pedro@gmail.com,
12.0,juan,díaz,miguel@gmail.com,mysecretpassword
13.0,lucía,lópez,andres@gmail.com,abcde789
15.0,valentina,vargas,andres@gmail.com,
16.0,valentina,lópez,andres@gmail.com,passw0rd
17.0,luis,díaz,carlos@gmail.com,letmein123
18.0,valentina,martínez,miguel@gmail.com,letmein123
19.0,carlos,martínez,valentina@gmail.com,welcome456
20.0,luis,martínez,luis@gmail.com,
21.0,ana,martínez,maria@gmail.com,
22.0,maría,pérez,miguel@gmail.com,12345abc
23.0,maría,díaz,carlos@gmail.com,abcde789
24.0,maría,lópez,maria@gmail.com,admin789
25.0,pedro,rodríguez,andres@gmail.com,mysecretpassword
26.0,luis,martínez,carlos@gmail.com,qwerty456
27.0,valentina,pérez,maria@gmail.com,qwerty456
28.0,sofía,rodríguez,lucia@gmail.com,
29.0,ana,gómez,valentina@gmail.com,mysecretpassword
30.0,luis,pérez,valentina@gmail.com,12345abc
31.0,carlos,gómez,maria@gmail.com,password123
33.0,pedro,martínez,andres@gmail.com,
34.0,pedro,lópez,andres@gmail.com,abcde789
35.0,valentina,fernández,valentina@gmail.com,letmein123
36.0,pedro,garcía,ana@gmail.com,user12345
37.0,ana,fernández,ana@gmail.com,
38.0,valentina,fernández,carlos@gmail.com,
39.0,pedro,lópez,sofia@gmail.com,letmein123
40.0,valentina,rodríguez,miguel@gmail.com,letmein123
41.0,sofía,díaz,sofia@gmail.com,12345abc
42.0,sofía,rodríguez,lucia@gmail.com,
43.0,maría,sánchez,sofia@gmail.com,admin789
44.0,valentina,fernández,valentina@gmail.com,welcome456
45.0,pedro,lópez,lucia@gmail.com,welcome456
46.0,miguel,gómez,andres@gmail.com,admin789
47.0,juan,martínez,luis@gmail.com,
48.0,sofía,sánchez,andres@gmail.com,admin789
49.0,maría,vargas,maria@gmail.com,
50.0,lucía,sánchez,andres@gmail.com,admin789
51.0,luis,vargas,sofia@gmail.com,abcde789
52.0,lucía,martínez,valentina@gmail.com,admin789
53.0,miguel,díaz,andres@gmail.com,admin789
54.0,valentina,pérez,lucia@gmail.com,abcde789
55.0,miguel,pérez,sofia@gmail.com,
56.0,sofía,martínez,luis@gmail.com,user12345
57.0,pedro,lópez,lucia@gmail.com,
58.0,luis,fernández,luis@gmail.com,admin789
60.0,juan,díaz,maria@gmail.com,mysecretpassword
61.0,valentina,sánchez,pedro@gmail.com,admin789
62.0,maría,garcía,carlos@gmail.com,admin789
63.0,maría,fernández,ana@gmail.com,
64.0,pedro,martínez,maria@gmail.com,
65.0,miguel,gómez,luis@gmail.com,qwerty456
66.0,ana,pérez,miguel@gmail.com,mysecretpassword
67.0,carlos,pérez,carlos@gmail.com,
68.0,lucía,lópez,sofia@gmail.com,
69.0,carlos,gómez,miguel@gmail.com,
72.0,ana,sánchez,sofia@gmail.com,mysecretpassword
73.0,valentina,díaz,sofia@gmail.com,password123
74.0,pedro,martínez,lucia@gmail.com,user12345
75.0,ana,díaz,carlos@gmail.com,
76.0,sofía,martínez,carlos@gmail.com,welcome456
77.0,luis,vargas,ana@gmail.com,
78.0,ana,sánchez,miguel@gmail.com,qwerty456
80.0,sofía,rodríguez,lucia@gmail.com,
81.0,pedro,gómez,luis@gmail.com,mysecretpassword
82.0,sofía,rodríguez,carlos@gmail.com,12345abc
83.0,miguel,martínez,luis@gmail.com,welcome456
85.0,maría,garcía,lucia@gmail.com,
86.0,juan,garcía,valentina@gmail.com,admin789
87.0,lucía,martínez,ana@gmail.com,letmein123
88.0,miguel,martínez,maria@gmail.com,12345abc
89.0,ana,díaz,valentina@gmail.com,welcome456
90.0,lucía,lópez,andres@gmail.com,admin789
91.0,ana,lópez,valentina@gmail.com,admin789
92.0,carlos,fernández,ana@gmail.com,passw0rd
93.0,maría,garcía,sofia@gmail.com,
94.0,juan,gómez,luis@gmail.com,qwerty456
95.0,maría,martínez,lucia@gmail.com,user12345
96.0,carlos,lópez,ana@gmail.com,
97.0,juan,díaz,sofia@gmail.com,12345abc
98.0,juan,gómez,sofia@gmail.com,passw0rd
99.0,luis,martínez,luis@gmail.com,
100.0,valentina,martínez,carlos@gmail.com,mysecretpassword
101.0,carlos,fernández,valentina@gmail.com,12345abc
102.0,maría,sánchez,valentina@gmail.com,
103.0,sofía,sánchez,lucia@gmail.com,
104.0,ana,díaz,carlos@gmail.com,
105.0,juan,gómez,maria@gmail.com,mysecretpassword
106.0,juan,pérez,valentina@gmail.com,admin789
107.0,miguel,sánchez,maria@gmail.com,password123
108.0,maría,gómez,miguel@gmail.com,
109.0,carlos,fernández,miguel@gmail.com,mysecretpassword
110.0,luis,díaz,sofia@gmail.com,
111.0,carlos,garcía,maria@gmail.com,welcome456
112.0,lucía,vargas,lucia@gmail.com,letmein123
113.0,luis,fernández,sofia@gmail.com,passw0rd
114.0,ana,fernández,andres@gmail.com,user12345
115.0,carlos,lópez,luis@gmail.com,
117.0,sofía,garcía,lucia@gmail.com,welcome456
118.0,lucía,díaz,valentina@gmail.com,welcome456
119.0,pedro,fernández,sofia@gmail.com,mysecretpassword
120.0,ana,garcía,valentina@gmail.com,
121.0,carlos,pérez,luis@gmail.com,qwerty456
122.0,juan,garcía,maria@gmail.com,mysecretpassword
123.0,pedro,martínez,lucia@gmail.com,password123
124.0,sofía,fernández,miguel@gmail.com,
125.0,lucía,pérez,valentina@gmail.com,
127.0,juan,garcía,valentina@gmail.com,welcome456
128.0,maría,martínez,sofia@gmail.com,
129.0,sofía,garcía,ana@gmail.com,admin789
130.0,valentina,rodríguez,sofia@gmail.com,12345abc
131.0,lucía,vargas,lucia@gmail.com,letmein123
132.0,lucía,díaz,valentina@gmail.com,
133.0,valentina,vargas,sofia@gmail.com,password123
134.0,ana,rodríguez,lucia@gmail.com,admin789
135.0,juan,gómez,valentina@gmail.com,passw0rd
137.0,valentina,vargas,miguel@gmail.com,12345abc
138.0,sofía,rodríguez,pedro@gmail.com,qwerty456
139.0,luis,vargas,ana@gmail.com,
140.0,sofía,martínez,carlos@gmail.com,qwerty456
142.0,juan,gómez,luis@gmail.com,password123
143.0,juan,lópez,carlos@gmail.com,welcome456
144.0,lucía,fernández,lucia@gmail.com,admin789
145.0,pedro,garcía,carlos@gmail.com,qwerty456
146.0,ana,rodríguez,maria@gmail.com,abcde789
147.0,juan,martínez,miguel@gmail.com,password123
148.0,maría,fernández,valentina@gmail.com,
149.0,maría,lópez,carlos@gmail.com,qwerty456
150.0,valentina,gómez,sofia@gmail.com,
151.0,carlos,garcía,valentina@gmail.com,
152.0,carlos,fernández,lucia@gmail.com,12345abc
153.0,maría,rodríguez,luis@gmail.com,welcome456
154.0,pedro,díaz,luis@gmail.com,
155.0,luis,pérez,lucia@gmail.com,passw0rd
156.0,lucía,martínez,valentina@gmail.com,
157.0,ana,garcía,pedro@gmail.com,
158.0,carlos,lópez,valentina@gmail.com,passw0rd
159.0,lucía,pérez,valentina@gmail.com,
160.0,maría,sánchez,valentina@gmail.com,password123
161.0,ana,vargas,ana@gmail.com,
162.0,maría,pérez,andres@gmail.com,abcde789
163.0,miguel,sánchez,miguel@gmail.com,
164.0,lucía,pérez,pedro@gmail.com,12345abc
165.0,maría,martínez,miguel@gmail.com,passw0rd
166.0,pedro,pérez,luis@gmail.com,
167.0,luis,garcía,maria@gmail.com,admin789
169.0,juan,gómez,andres@gmail.com,letmein123
171.0,sofía,vargas,sofia@gmail.com,12345abc
172.0,juan,lópez,miguel@gmail.com,passw0rd
173.0,lucía,fernández,valentina@gmail.com,user12345
174.0,maría,sánchez,valentina@gmail.com,
175.0,juan,garcía,carlos@gmail.com,
176.0,carlos,rodríguez,ana@gmail.com,welcome456
177.0,pedro,vargas,sofia@gmail.com,12345abc
178.0,lucía,díaz,carlos@gmail.com,letmein123
179.0,luis,pérez,ana@gmail.com,password123
180.0,juan,rodríguez,pedro@gmail.com,
181.0,miguel,fernández,sofia@gmail.com,admin789
182.0,miguel,sánchez,lucia@gmail.com,
183.0,carlos,lópez,valentina@gmail.com,user12345
184.0,juan,garcía,andres@gmail.com,abcde789
186.0,valentina,díaz,lucia@gmail.com,
187.0,maría,díaz,miguel@gmail.com,password123
188.0,juan,rodríguez,miguel@gmail.com,mysecretpassword
189.0,pedro,rodríguez,lucia@gmail.com,welcome456
191.0,juan,pérez,andres@gmail.com,
192.0,sofía,sánchez,carlos@gmail.com,welcome456
193.0,valentina,vargas,sofia@gmail.com,password123
194.0,luis,lópez,carlos@gmail.com,
195.0,sofía,lópez,valentina@gmail.com,
196.0,lucía,díaz,luis@gmail.com,
197.0,luis,gómez,pedro@gmail.com,abcde789
198.0,maría,pérez,carlos@gmail.com,user12345
199.0,valentina,díaz,sofia@gmail.com,abcde789
200.0,ana,vargas,andres@gmail.com,letmein123
201.0,valentina,pérez,pedro@gmail.com,welcome456
202.0,lucía,rodríguez,lucia@gmail.com,welcome456
203.0,ana,gómez,carlos@gmail.com,
204.0,valentina,rodríguez,lucia@gmail.com,admin789
205.0,valentina,rodríguez,pedro@gmail.com,
206.0,juan,garcía,ana@gmail.com,admin789
207.0,pedro,gómez,valentina@gmail.com,qwerty456
208.0,luis,martínez,valentina@gmail.com,abcde789
209.0,sofía,vargas,valentina@gmail.com,
210.0,miguel,fernández,andres@gmail.com,
211.0,sofía,martínez,lucia@gmail.com,letmein123
213.0,carlos,martínez,maria@gmail.com,
214.0,lucía,díaz,miguel@gmail.com,mysecretpassword
216.0,ana,gómez,pedro@gmail.com,12345abc
218.0,pedro,vargas,luis@gmail.com,
219.0,maría,martínez,miguel@gmail.com,
220.0,luis,martínez,ana@gmail.com,
221.0,valentina,díaz,valentina@gmail.com,qwerty456
222.0,carlos,fernández,andres@gmail.com,
223.0,carlos,garcía,miguel@gmail.com,letmein123
224.0,juan,díaz,luis@gmail.com,password123
225.0,juan,garcía,ana@gmail.com,welcome456
226.0,luis,pérez,miguel@gmail.com,abcde789
228.0,lucía,garcía,valentina@gmail.com,
229.0,carlos,gómez,carlos@gmail.com,welcome456
230.0,juan,sánchez,ana@gmail.com,letmein123
231.0,miguel,rodríguez,sofia@gmail.com,abcde789
232.0,carlos,pérez,miguel@gmail.com,welcome456
233.0,sofía,gómez,miguel@gmail.com,
234.0,maría,pérez,ana@gmail.com,admin789
235.0,carlos,martínez,miguel@gmail.com,12345abc
237.0,sofía,rodríguez,sofia@gmail.com,passw0rd
239.0,luis,fernández,maria@gmail.com,letmein123
240.0,juan,garcía,sofia@gmail.com,
241.0,juan,lópez,lucia@gmail.com,mysecretpassword
242.0,miguel,vargas,ana@gmail.com,user12345
243.0,juan,garcía,luis@gmail.com,
244.0,sofía,vargas,sofia@gmail.com,mysecretpassword
245.0,maría,garcía,pedro@gmail.com,user12345
246.0,juan,gómez,ana@gmail.com,passw0rd
247.0,valentina,vargas,lucia@gmail.com,abcde789
248.0,sofía,fernández,luis@gmail.com,
249.0,juan,pérez,valentina@gmail.com,
250.0,maría,lópez,lucia@gmail.com,passw0rd
251.0,juan,fernández,lucia@gmail.com,
252.0,maría,pérez,ana@gmail.com,qwerty456
254.0,carlos,martínez,ana@gmail.com,
255.0,luis,vargas,sofia@gmail.com,qwerty456
256.0,pedro,sánchez,pedro@gmail.com,mysecretpassword
257.0,miguel,gómez,andres@gmail.com,
259.0,maría,pérez,maria@gmail.com,letmein123
260.0,pedro,sánchez,miguel@gmail.com,mysecretpassword
261.0,maría,fernández,pedro@gmail.com,user12345
262.0,sofía,sánchez,miguel@gmail.com,abcde789
263.0,lucía,sánchez,lucia@gmail.com,mysecretpassword
264.0,valentina,gómez,valentina@gmail.com,user12345
265.0,lucía,garcía,maria@gmail.com,admin789
266.0,lucía,gómez,maria@gmail.com,
267.0,valentina,fernández,luis@gmail.com,abcde789
268.0,carlos,sánchez,maria@gmail.com,mysecretpassword
269.0,lucía,vargas,andres@gmail.com,passw0rd
270.0,carlos,gómez,ana@gmail.com,abcde789
271.0,miguel,pérez,ana@gmail.com,welcome456
272.0,ana,martínez,luis@gmail.com,abcde789
273.0,carlos,martínez,pedro@gmail.com,admin789
274.0,ana,díaz,pedro@gmail.com,welcome456
275.0,carlos,lópez,ana@gmail.com,
278.0,pedro,garcía,lucia@gmail.com,
279.0,juan,martínez,pedro@gmail.com,welcome456
280.0,maría,garcía,pedro@gmail.com,
281.0,sofía,martínez,miguel@gmail.com,
282.0,maría,rodríguez,ana@gmail.com,qwerty456
284.0,sofía,vargas,sofia@gmail.com,abcde789
285.0,valentina,lópez,carlos@gmail.com,user12345
286.0,pedro,pérez,carlos@gmail.com,
287.0,luis,gómez,ana@gmail.com,user12345
288.0,pedro,sánchez,miguel@gmail.com,welcome456
289.0,miguel,sánchez,sofia@gmail.com,abcde789
290.0,lucía,vargas,sofia@gmail.com,password123
292.0,miguel,vargas,luis@gmail.com,12345abc
293.0,carlos,pérez,sofia@gmail.com,admin789
295.0,juan,gómez,carlos@gmail.com,abcde789
297.0,carlos,garcía,carlos@gmail.com,
298.0,ana,fernández,carlos@gmail.com,passw0rd
300.0,sofía,rodríguez,carlos@gmail.com,mysecretpassword
301.0,juan,gómez,miguel@gmail.com,letmein123
302.0,valentina,pérez,valentina@gmail.com,qwerty456
303.0,carlos,pérez,sofia@gmail.com,admin789
305.0,luis,díaz,luis@gmail.com,
306.0,lucía,lópez,pedro@gmail.com,abcde789
307.0,valentina,martínez,sofia@gmail.com,12345abc
308.0,ana,gómez,luis@gmail.com,
309.0,carlos,vargas,miguel@gmail.com,welcome456
310.0,maría,pérez,miguel@gmail.com,
311.0,sofía,martínez,pedro@gmail.com,welcome456
312.0,ana,pérez,pedro@gmail.com,qwerty456
313.0,pedro,gómez,lucia@gmail.com,
314.0,miguel,rodríguez,valentina@gmail.com,
315.0,sofía,díaz,valentina@gmail.com,
316.0,carlos,fernández,valentina@gmail.com,qwerty456
317.0,valentina,martínez,pedro@gmail.com,user12345
318.0,ana,vargas,sofia@gmail.com,
319.0,lucía,fernández,andres@gmail.com,
320.0,maría,rodríguez,lucia@gmail.com,abcde789
321.0,maría,rodríguez,valentina@gmail.com,
322.0,carlos,lópez,luis@gmail.com,
323.0,sofía,martínez,maria@gmail.com,12345abc
324.0,carlos,martínez,maria@gmail.com,welcome456
325.0,valentina,gómez,andres@gmail.com,welcome456
326.0,valentina,lópez,carlos@gmail.com,user12345
327.0,sofía,vargas,valentina@gmail.com,
329.0,miguel,garcía,miguel@gmail.com,user12345
330.0,miguel,pérez,andres@gmail.com,user12345
331.0,miguel,rodríguez,andres@gmail.com,letmein123
332.0,miguel,vargas,sofia@gmail.com,12345abc
333.0,pedro,pérez,sofia@gmail.com,
334.0,miguel,vargas,luis@gmail.com,password123
335.0,carlos,pérez,lucia@gmail.com,
336.0,maría,gómez,valentina@gmail.com,admin789
338.0,miguel,pérez,ana@gmail.com,
339.0,carlos,lópez,luis@gmail.com,qwerty456
340.0,pedro,fernández,pedro@gmail.com,passw0rd
341.0,pedro,gómez,ana@gmail.com,user12345
342.0,maría,sánchez,pedro@gmail.com,password123
343.0,carlos,garcía,maria@gmail.com,
344.0,sofía,gómez,valentina@gmail.com,mysecretpassword
345.0,luis,fernández,sofia@gmail.com,mysecretpassword
346.0,pedro,vargas,andres@gmail.com,admin789
347.0,miguel,martínez,ana@gmail.com,
348.0,ana,garcía,miguel@gmail.com,mysecretpassword
350.0,lucía,rodríguez,andres@gmail.com,
351.0,pedro,fernández,carlos@gmail.com,qwerty456
352.0,luis,díaz,miguel@gmail.com,passw0rd
353.0,pedro,lópez,sofia@gmail.com,admin789
354.0,ana,rodríguez,ana@gmail.com,abcde789
355.0,miguel,garcía,miguel@gmail.com,qwerty456
356.0,miguel,rodríguez,carlos@gmail.com,letmein123
357.0,maría,pérez,carlos@gmail.com,abcde789
358.0,sofía,díaz,sofia@gmail.com,abcde789
359.0,luis,díaz,carlos@gmail.com,welcome456
360.0,juan,pérez,maria@gmail.com,12345abc
361.0,pedro,garcía,valentina@gmail.com,
362.0,maría,fernández,lucia@gmail.com,
363.0,carlos,gómez,andres@gmail.com,
365.0,miguel,sánchez,valentina@gmail.com,password123
366.0,maría,díaz,ana@gmail.com,passw0rd
367.0,luis,lópez,sofia@gmail.com,mysecretpassword
369.0,pedro,fernández,maria@gmail.com,password123
370.0,sofía,rodríguez,lucia@gmail.com,qwerty456
371.0,ana,díaz,pedro@gmail.com,admin789
372.0,juan,díaz,ana@gmail.com,
373.0,luis,rodríguez,ana@gmail.com,
374.0,pedro,sánchez,valentina@gmail.com,letmein123
375.0,juan,lópez,sofia@gmail.com,passw0rd
376.0,lucía,pérez,miguel@gmail.com,12345abc
377.0,pedro,gómez,ana@gmail.com,passw0rd
378.0,pedro,martínez,luis@gmail.com,password123
379.0,carlos,gómez,valentina@gmail.com,abcde789
380.0,luis,lópez,sofia@gmail.com,abcde789
382.0,juan,pérez,pedro@gmail.com,passw0rd
383.0,ana,pérez,pedro@gmail.com,
384.0,luis,díaz,valentina@gmail.com,
385.0,juan,garcía,ana@gmail.com,
386.0,maría,sánchez,lucia@gmail.com,admin789
387.0,juan,gómez,carlos@gmail.com,qwerty456
388.0,carlos,pérez,valentina@gmail.com,mysecretpassword
389.0,ana,díaz,sofia@gmail.com,qwerty456
390.0,miguel,gómez,miguel@gmail.com,12345abc
391.0,maría,fernández,maria@gmail.com,password123
392.0,miguel,rodríguez,lucia@gmail.com,user12345
393.0,sofía,garcía,valentina@gmail.com,welcome456
394.0,maría,lópez,lucia@gmail.com,12345abc
395.0,luis,garcía,valentina@gmail.com,
396.0,juan,sánchez,valentina@gmail.com,welcome456
397.0,maría,martínez,sofia@gmail.com,passw0rd
399.0,ana,vargas,miguel@gmail.com,admin789
400.0,miguel,sánchez,valentina@gmail.com,
401.0,valentina,sánchez,ana@gmail.com,passw0rd
404.0,ana,díaz,valentina@gmail.com,12345abc
405.0,maría,fernández,pedro@gmail.com,
406.0,pedro,fernández,lucia@gmail.com,password123
407.0,maría,pérez,pedro@gmail.com,
408.0,valentina,vargas,andres@gmail.com,
409.0,maría,díaz,sofia@gmail.com,passw0rd
410.0,maría,lópez,miguel@gmail.com,
411.0,maría,vargas,pedro@gmail.com,password123
412.0,luis,rodríguez,luis@gmail.com,
413.0,carlos,vargas,sofia@gmail.com,qwerty456
414.0,luis,vargas,miguel@gmail.com,mysecretpassword
415.0,maría,rodríguez,ana@gmail.com,qwerty456
416.0,valentina,gómez,andres@gmail.com,
417.0,sofía,martínez,carlos@gmail.com,user12345
418.0,juan,díaz,pedro@gmail.com,password123
419.0,luis,garcía,ana@gmail.com,
420.0,ana,rodríguez,luis@gmail.com,user12345
421.0,valentina,sánchez,luis@gmail.com,
422.0,juan,rodríguez,valentina@gmail.com,abcde789
424.0,pedro,lópez,sofia@gmail.com,qwerty456
425.0,sofía,díaz,pedro@gmail.com,letmein123
426.0,pedro,martínez,ana@gmail.com,
427.0,luis,martínez,miguel@gmail.com,
429.0,miguel,lópez,luis@gmail.com,passw0rd
430.0,juan,lópez,maria@gmail.com,welcome456
431.0,miguel,fernández,luis@gmail.com,
432.0,carlos,martínez,andres@gmail.com,passw0rd
434.0,miguel,vargas,ana@gmail.com,qwerty456
435.0,luis,pérez,carlos@gmail.com,qwerty456
436.0,luis,pérez,lucia@gmail.com,password123
437.0,valentina,vargas,sofia@gmail.com,12345abc
438.0,lucía,lópez,andres@gmail.com,
439.0,luis,gómez,valentina@gmail.com,password123
441.0,maría,sánchez,lucia@gmail.com,
442.0,carlos,garcía,lucia@gmail.com,user12345
444.0,miguel,díaz,sofia@gmail.com,12345abc
445.0,ana,rodríguez,maria@gmail.com,
446.0,luis,sánchez,miguel@gmail.com,letmein123
447.0,luis,lópez,luis@gmail.com,abcde789
448.0,sofía,gómez,miguel@gmail.com,user12345
449.0,valentina,vargas,pedro@gmail.com,user12345
450.0,carlos,gómez,luis@gmail.com,user12345
451.0,maría,pérez,pedro@gmail.com,
452.0,lucía,díaz,andres@gmail.com,
453.0,sofía,díaz,luis@gmail.com,mysecretpassword
454.0,miguel,vargas,maria@gmail.com,12345abc
455.0,valentina,rodríguez,ana@gmail.com,admin789
456.0,lucía,martínez,maria@gmail.com,
457.0,pedro,lópez,carlos@gmail.com,
458.0,valentina,garcía,lucia@gmail.com,mysecretpassword
460.0,sofía,lópez,sofia@gmail.com,user12345
461.0,sofía,fernández,pedro@gmail.com,user12345
463.0,juan,rodríguez,andres@gmail.com,letmein123
464.0,carlos,martínez,sofia@gmail.com,admin789
465.0,sofía,lópez,maria@gmail.com,
467.0,carlos,garcía,maria@gmail.com,passw0rd
468.0,lucía,sánchez,luis@gmail.com,
469.0,valentina,martínez,maria@gmail.com,abcde789
470.0,lucía,fernández,lucia@gmail.com,
471.0,sofía,pérez,ana@gmail.com,
472.0,lucía,fernández,andres@gmail.com,
473.0,sofía,martínez,carlos@gmail.com,letmein123
474.0,luis,martínez,andres@gmail.com,12345abc
475.0,pedro,sánchez,miguel@gmail.com,welcome456
476.0,maría,díaz,valentina@gmail.com,qwerty456
477.0,valentina,martínez,valentina@gmail.com,mysecretpassword
478.0,ana,martínez,valentina@gmail.com,
479.0,luis,fernández,sofia@gmail.com,
480.0,juan,martínez,lucia@gmail.com,passw0rd
481.0,luis,sánchez,pedro@gmail.com,welcome456
482.0,luis,lópez,carlos@gmail.com,
483.0,sofía,vargas,lucia@gmail.com,
484.0,ana,sánchez,andres@gmail.com,abcde789
485.0,carlos,gómez,pedro@gmail.com,mysecretpassword
487.0,pedro,rodríguez,sofia@gmail.com,
488.0,ana,fernández,pedro@gmail.com,welcome456
489.0,pedro,gómez,ana@gmail.com,welcome456
490.0,miguel,vargas,ana@gmail.com,
492.0,luis,pérez,luis@gmail.com,abcde789
493.0,luis,garcía,luis@gmail.com,user12345
494.0,carlos,vargas,maria@gmail.com,
495.0,maría,pérez,carlos@gmail.com,
496.0,valentina,rodríguez,andres@gmail.com,user12345
497.0,lucía,pérez,maria@gmail.com,admin789
498.0,lucía,vargas,maria@gmail.com,
499.0,juan,garcía,pedro@gmail.com,qwerty456
500.0,miguel,rodríguez,luis@gmail.com,12345abc
501.0,luis,vargas,maria@gmail.com,mysecretpassword
502.0,luis,gómez,valentina@gmail.com,abcde789
503.0,juan,fernández,miguel@gmail.com,passw0rd
504.0,ana,gómez,lucia@gmail.com,abcde789
505.0,valentina,lópez,ana@gmail.com,
506.0,ana,lópez,lucia@gmail.com,12345abc
507.0,maría,pérez,valentina@gmail.com,
508.0,ana,lópez,miguel@gmail.com,
509.0,valentina,gómez,maria@gmail.com,
510.0,miguel,pérez,andres@gmail.com,
511.0,carlos,sánchez,luis@gmail.com,password123
512.0,valentina,fernández,pedro@gmail.com,mysecretpassword
513.0,pedro,pérez,carlos@gmail.com,letmein123
514.0,luis,martínez,valentina@gmail.com,qwerty456
515.0,pedro,lópez,sofia@gmail.com,welcome456
516.0,juan,díaz,miguel@gmail.com,
517.0,lucía,rodríguez,pedro@gmail.com,welcome456
518.0,valentina,rodríguez,carlos@gmail.com,mysecretpassword
519.0,maría,gómez,sofia@gmail.com,
520.0,sofía,gómez,lucia@gmail.com,welcome456
521.0,lucía,vargas,valentina@gmail.com,
524.0,miguel,pérez,luis@gmail.com,letmein123
525.0,pedro,garcía,lucia@gmail.com,user12345
526.0,juan,sánchez,pedro@gmail.com,mysecretpassword
527.0,valentina,pérez,sofia@gmail.com,
528.0,juan,lópez,andres@gmail.com,letmein123
529.0,miguel,díaz,valentina@gmail.com,password123
530.0,sofía,rodríguez,sofia@gmail.com,
531.0,carlos,gómez,luis@gmail.com,12345abc
532.0,maría,lópez,maria@gmail.com,
533.0,valentina,garcía,andres@gmail.com,qwerty456
534.0,ana,sánchez,ana@gmail.com,
535.0,luis,martínez,ana@gmail.com,admin789
536.0,carlos,pérez,lucia@gmail.com,admin789
537.0,valentina,rodríguez,carlos@gmail.com,passw0rd
538.0,pedro,lópez,sofia@gmail.com,admin789
539.0,sofía,martínez,miguel@gmail.com,welcome456
540.0,maría,lópez,sofia@gmail.com,qwerty456
541.0,sofía,lópez,miguel@gmail.com,
542.0,juan,rodríguez,pedro@gmail.com,12345abc
543.0,pedro,lópez,ana@gmail.com,
544.0,carlos,martínez,luis@gmail.com,abcde789
546.0,pedro,sánchez,andres@gmail.com,
547.0,miguel,rodríguez,miguel@gmail.com,
548.0,pedro,fernández,carlos@gmail.com,
549.0,pedro,gómez,luis@gmail.com,
550.0,valentina,lópez,valentina@gmail.com,mysecretpassword
551.0,valentina,gómez,valentina@gmail.com,welcome456
552.0,sofía,vargas,sofia@gmail.com,password123
553.0,juan,martínez,lucia@gmail.com,letmein123
555.0,valentina,pérez,ana@gmail.com,password123
556.0,pedro,pérez,pedro@gmail.com,passw0rd
557.0,ana,vargas,andres@gmail.com,passw0rd
559.0,juan,sánchez,miguel@gmail.com,password123
561.0,luis,lópez,luis@gmail.com,user12345
562.0,pedro,rodríguez,maria@gmail.com,
563.0,sofía,vargas,lucia@gmail.com,qwerty456
564.0,carlos,pérez,ana@gmail.com,letmein123
565.0,sofía,sánchez,ana@gmail.com,12345abc
566.0,luis,fernández,miguel@gmail.com,12345abc
568.0,juan,sánchez,lucia@gmail.com,
569.0,carlos,fernández,luis@gmail.com,letmein123
570.0,luis,gómez,maria@gmail.com,user12345
571.0,carlos,garcía,ana@gmail.com,
572.0,luis,gómez,ana@gmail.com,qwerty456
575.0,pedro,garcía,maria@gmail.com,12345abc
576.0,juan,sánchez,andres@gmail.com,user12345
577.0,carlos,pérez,lucia@gmail.com,
578.0,carlos,martínez,miguel@gmail.com,
579.0,maría,pérez,carlos@gmail.com,qwerty456
580.0,lucía,fernández,lucia@gmail.com,letmein123
581.0,juan,sánchez,valentina@gmail.com,abcde789
582.0,juan,díaz,andres@gmail.com,
583.0,ana,garcía,valentina@gmail.com,
584.0,lucía,gómez,maria@gmail.com,admin789
585.0,pedro,díaz,maria@gmail.com,
586.0,miguel,vargas,lucia@gmail.com,
587.0,juan,díaz,ana@gmail.com,welcome456
589.0,juan,sánchez,luis@gmail.com,user12345
590.0,miguel,martínez,ana@gmail.com,
591.0,sofía,vargas,lucia@gmail.com,mysecretpassword
592.0,luis,vargas,carlos@gmail.com,qwerty456
593.0,valentina,díaz,ana@gmail.com,password123
594.0,maría,rodríguez,ana@gmail.com,passw0rd
595.0,luis,pérez,miguel@gmail.com,password123
596.0,ana,sánchez,andres@gmail.com,welcome456
597.0,valentina,pérez,lucia@gmail.com,qwerty456
599.0,lucía,lópez,valentina@gmail.com,mysecretpassword
600.0,ana,pérez,lucia@gmail.com,user12345
601.0,valentina,lópez,miguel@gmail.com,
602.0,luis,garcía,miguel@gmail.com,password123
603.0,luis,lópez,ana@gmail.com,letmein123
604.0,ana,garcía,miguel@gmail.com,
605.0,miguel,martínez,carlos@gmail.com,
606.0,luis,gómez,pedro@gmail.com,12345abc
607.0,sofía,fernández,luis@gmail.com,12345abc
609.0,maría,rodríguez,maria@gmail.com,qwerty456
611.0,lucía,sánchez,sofia@gmail.com,letmein123
614.0,ana,gómez,lucia@gmail.com,letmein123
616.0,ana,martínez,andres@gmail.com,
617.0,luis,sánchez,andres@gmail.com,welcome456
618.0,miguel,garcía,maria@gmail.com,
619.0,carlos,gómez,valentina@gmail.com,mysecretpassword
620.0,pedro,garcía,maria@gmail.com,
621.0,luis,gómez,ana@gmail.com,welcome456
622.0,pedro,martínez,lucia@gmail.com,
623.0,pedro,rodríguez,carlos@gmail.com,
624.0,juan,pérez,maria@gmail.com,mysecretpassword
625.0,carlos,lópez,sofia@gmail.com,letmein123
626.0,carlos,martínez,miguel@gmail.com,letmein123
627.0,lucía,lópez,lucia@gmail.com,passw0rd
628.0,maría,pérez,ana@gmail.com,
631.0,carlos,sánchez,andres@gmail.com,user12345
632.0,miguel,pérez,valentina@gmail.com,mysecretpassword
633.0,maría,fernández,sofia@gmail.com,
634.0,valentina,gómez,luis@gmail.com,
635.0,sofía,díaz,lucia@gmail.com,
636.0,valentina,rodríguez,andres@gmail.com,user12345
637.0,lucía,gómez,luis@gmail.com,
638.0,lucía,gómez,lucia@gmail.com,
639.0,luis,lópez,miguel@gmail.com,qwerty456
640.0,valentina,fernández,valentina@gmail.com,user12345
642.0,valentina,martínez,ana@gmail.com,letmein123
643.0,ana,vargas,valentina@gmail.com,passw0rd
644.0,ana,vargas,luis@gmail.com,
645.0,miguel,díaz,maria@gmail.com,mysecretpassword
647.0,pedro,rodríguez,valentina@gmail.com,abcde789
649.0,miguel,fernández,luis@gmail.com,letmein123
650.0,valentina,gómez,pedro@gmail.com,mysecretpassword
651.0,ana,garcía,ana@gmail.com,
652.0,miguel,sánchez,andres@gmail.com,
653.0,carlos,vargas,pedro@gmail.com,
654.0,luis,gómez,sofia@gmail.com,12345abc
655.0,luis,díaz,pedro@gmail.com,
656.0,miguel,sánchez,miguel@gmail.com,password123
657.0,luis,lópez,luis@gmail.com,
658.0,carlos,rodríguez,luis@gmail.com,
659.0,pedro,díaz,sofia@gmail.com,
660.0,luis,vargas,pedro@gmail.com,mysecretpassword
661.0,lucía,fernández,luis@gmail.com,
662.0,miguel,díaz,lucia@gmail.com,
663.0,maría,pérez,andres@gmail.com,
664.0,lucía,vargas,luis@gmail.com,
665.0,juan,martínez,maria@gmail.com,qwerty456
666.0,carlos,fernández,andres@gmail.com,welcome456
667.0,pedro,vargas,ana@gmail.com,
668.0,maría,pérez,luis@gmail.com,passw0rd
670.0,ana,vargas,sofia@gmail.com,letmein123
671.0,maría,díaz,luis@gmail.com,user12345
672.0,carlos,sánchez,lucia@gmail.com,
673.0,pedro,sánchez,andres@gmail.com,welcome456
674.0,luis,pérez,valentina@gmail.com,12345abc
675.0,juan,gómez,lucia@gmail.com,
677.0,juan,fernández,valentina@gmail.com,mysecretpassword
678.0,ana,fernández,valentina@gmail.com,
679.0,valentina,garcía,ana@gmail.com,passw0rd
680.0,valentina,lópez,ana@gmail.com,user12345
681.0,carlos,vargas,pedro@gmail.com,abcde789
682.0,lucía,martínez,lucia@gmail.com,abcde789
683.0,juan,rodríguez,andres@gmail.com,user12345
684.0,ana,martínez,andres@gmail.com,
685.0,sofía,lópez,miguel@gmail.com,passw0rd
686.0,sofía,gómez,lucia@gmail.com,password123
687.0,pedro,martínez,valentina@gmail.com,
688.0,luis,fernández,valentina@gmail.com,12345abc
689.0,maría,fernández,carlos@gmail.com,welcome456
690.0,pedro,garcía,lucia@gmail.com,
691.0,luis,martínez,pedro@gmail.com,welcome456
692.0,miguel,rodríguez,pedro@gmail.com,
693.0,juan,fernández,valentina@gmail.com,
694.0,ana,martínez,sofia@gmail.com,12345abc
696.0,maría,rodríguez,lucia@gmail.com,
697.0,luis,gómez,carlos@gmail.com,letmein123
699.0,ana,lópez,miguel@gmail.com,password123
701.0,carlos,sánchez,sofia@gmail.com,
702.0,miguel,sánchez,lucia@gmail.com,user12345
703.0,carlos,rodríguez,luis@gmail.com,
705.0,sofía,fernández,ana@gmail.com,12345abc
706.0,sofía,gómez,pedro@gmail.com,
707.0,pedro,díaz,miguel@gmail.com,mysecretpassword
708.0,valentina,fernández,pedro@gmail.com,password123
709.0,sofía,fernández,sofia@gmail.com,
710.0,luis,rodríguez,pedro@gmail.com,
711.0,lucía,sánchez,lucia@gmail.com,passw0rd
713.0,pedro,gómez,pedro@gmail.com,
714.0,valentina,vargas,pedro@gmail.com,letmein123
715.0,maría,gómez,sofia@gmail.com,
716.0,valentina,fernández,sofia@gmail.com,
718.0,miguel,garcía,miguel@gmail.com,qwerty456
719.0,carlos,díaz,ana@gmail.com,letmein123
720.0,carlos,vargas,sofia@gmail.com,
721.0,pedro,rodríguez,valentina@gmail.com,qwerty456
722.0,maría,díaz,luis@gmail.com,password123
723.0,valentina,lópez,valentina@gmail.com,
724.0,carlos,martínez,miguel@gmail.com,password123
725.0,ana,pérez,andres@gmail.com,
726.0,valentina,díaz,andres@gmail.com,abcde789
727.0,luis,sánchez,valentina@gmail.com,passw0rd
728.0,maría,lópez,carlos@gmail.com,welcome456
729.0,carlos,lópez,ana@gmail.com,user12345
730.0,ana,rodríguez,ana@gmail.com,passw0rd
731.0,miguel,rodríguez,andres@gmail.com,
732.0,juan,díaz,lucia@gmail.com,
733.0,carlos,vargas,miguel@gmail.com,
734.0,lucía,garcía,ana@gmail.com,welcome456
735.0,luis,lópez,valentina@gmail.com,user12345
736.0,sofía,lópez,luis@gmail.com,12345abc
737.0,luis,gómez,pedro@gmail.com,user12345
738.0,miguel,rodríguez,andres@gmail.com,letmein123
739.0,miguel,garcía,maria@gmail.com,passw0rd
740.0,ana,fernández,maria@gmail.com,abcde789
741.0,maría,fernández,luis@gmail.com,
742.0,maría,díaz,valentina@gmail.com,
744.0,lucía,martínez,andres@gmail.com,12345abc
745.0,sofía,garcía,lucia@gmail.com,mysecretpassword
746.0,carlos,rodríguez,sofia@gmail.com,
747.0,miguel,vargas,maria@gmail.com,passw0rd
748.0,maría,vargas,valentina@gmail.com,
749.0,pedro,pérez,pedro@gmail.com,
750.0,miguel,díaz,sofia@gmail.com,12345abc
751.0,miguel,lópez,ana@gmail.com,letmein123
752.0,maría,rodríguez,lucia@gmail.com,
753.0,sofía,lópez,valentina@gmail.com,admin789
756.0,maría,díaz,luis@gmail.com,
757.0,pedro,fernández,valentina@gmail.com,letmein123
758.0,pedro,vargas,carlos@gmail.com,
759.0,pedro,sánchez,luis@gmail.com,password123
760.0,pedro,martínez,carlos@gmail.com,admin789
761.0,sofía,pérez,valentina@gmail.com,letmein123
762.0,pedro,gómez,miguel@gmail.com,
763.0,carlos,vargas,sofia@gmail.com,abcde789
764.0,valentina,díaz,valentina@gmail.com,
766.0,lucía,martínez,pedro@gmail.com,abcde789
768.0,juan,díaz,miguel@gmail.com,
769.0,valentina,lópez,sofia@gmail.com,
770.0,maría,pérez,valentina@gmail.com,abcde789
771.0,valentina,fernández,valentina@gmail.com,letmein123
772.0,maría,martínez,andres@gmail.com,admin789
773.0,miguel,rodríguez,luis@gmail.com,
774.0,lucía,martínez,valentina@gmail.com,mysecretpassword
776.0,miguel,rodríguez,pedro@gmail.com,
777.0,ana,gómez,carlos@gmail.com,
778.0,sofía,sánchez,pedro@gmail.com,mysecretpassword
779.0,sofía,fernández,pedro@gmail.com,12345abc
780.0,juan,pérez,miguel@gmail.com,
781.0,sofía,sánchez,andres@gmail.com,
782.0,maría,lópez,maria@gmail.com,
783.0,juan,rodríguez,lucia@gmail.com,
784.0,pedro,gómez,maria@gmail.com,password123
785.0,luis,garcía,sofia@gmail.com,welcome456
786.0,carlos,vargas,sofia@gmail.com,mysecretpassword
787.0,maría,sánchez,andres@gmail.com,
788.0,lucía,vargas,carlos@gmail.com,
789.0,miguel,lópez,pedro@gmail.com,mysecretpassword
790.0,maría,martínez,andres@gmail.com,passw0rd
791.0,miguel,vargas,miguel@gmail.com,admin789
792.0,maría,martínez,sofia@gmail.com,
793.0,carlos,sánchez,andres@gmail.com,password123
794.0,maría,vargas,maria@gmail.com,qwerty456
795.0,valentina,fernández,carlos@gmail.com,mysecretpassword
796.0,maría,sánchez,sofia@gmail.com,passw0rd
797.0,sofía,gómez,pedro@gmail.com,
798.0,ana,lópez,lucia@gmail.com,12345abc
799.0,pedro,fernández,pedro@gmail.com,letmein123
800.0,luis,lópez,lucia@gmail.com,
801.0,juan,vargas,miguel@gmail.com,user12345
802.0,juan,fernández,maria@gmail.com,qwerty456
803.0,lucía,martínez,sofia@gmail.com,
804.0,luis,vargas,carlos@gmail.com,12345abc
805.0,valentina,vargas,pedro@gmail.com,mysecretpassword
806.0,juan,garcía,miguel@gmail.com,
807.0,juan,sánchez,luis@gmail.com,
808.0,lucía,lópez,luis@gmail.com,12345abc
809.0,luis,sánchez,pedro@gmail.com,welcome456
810.0,carlos,sánchez,miguel@gmail.com,
811.0,pedro,vargas,luis@gmail.com,abcde789
812.0,juan,garcía,miguel@gmail.com,mysecretpassword
813.0,luis,lópez,carlos@gmail.com,user12345
814.0,miguel,martínez,miguel@gmail.com,mysecretpassword
815.0,miguel,fernández,pedro@gmail.com,qwerty456
816.0,sofía,gómez,andres@gmail.com,abcde789
817.0,sofía,sánchez,carlos@gmail.com,qwerty456
818.0,juan,sánchez,carlos@gmail.com,passw0rd
819.0,juan,lópez,carlos@gmail.com,
820.0,miguel,díaz,luis@gmail.com,12345abc
821.0,luis,pérez,lucia@gmail.com,
822.0,miguel,rodríguez,carlos@gmail.com,admin789
823.0,valentina,garcía,valentina@gmail.com,
824.0,maría,díaz,pedro@gmail.com,12345abc
825.0,lucía,pérez,lucia@gmail.com,
826.0,maría,garcía,miguel@gmail.com,letmein123
827.0,juan,sánchez,andres@gmail.com,
828.0,valentina,vargas,ana@gmail.com,
829.0,lucía,martínez,sofia@gmail.com,letmein123
831.0,sofía,garcía,carlos@gmail.com,passw0rd
833.0,pedro,garcía,luis@gmail.com,
834.0,pedro,díaz,maria@gmail.com,
835.0,juan,martínez,lucia@gmail.com,admin789
836.0,sofía,vargas,andres@gmail.com,letmein123
838.0,ana,garcía,luis@gmail.com,12345abc
839.0,pedro,garcía,andres@gmail.com,
840.0,miguel,martínez,carlos@gmail.com,admin789
841.0,luis,gómez,ana@gmail.com,qwerty456
842.0,miguel,díaz,luis@gmail.com,admin789
843.0,maría,lópez,miguel@gmail.com,welcome456
844.0,pedro,lópez,luis@gmail.com,letmein123
845.0,maría,martínez,pedro@gmail.com,
846.0,ana,pérez,valentina@gmail.com,admin789
848.0,carlos,sánchez,andres@gmail.com,
849.0,valentina,martínez,pedro@gmail.com,
850.0,maría,rodríguez,ana@gmail.com,admin789
851.0,miguel,gómez,luis@gmail.com,letmein123
852.0,valentina,rodríguez,miguel@gmail.com,
853.0,juan,vargas,pedro@gmail.com,abcde789
854.0,luis,vargas,lucia@gmail.com,12345abc
855.0,juan,sánchez,ana@gmail.com,qwerty456
856.0,pedro,díaz,andres@gmail.com,welcome456
857.0,miguel,martínez,lucia@gmail.com,
858.0,juan,gómez,maria@gmail.com,mysecretpassword
861.0,ana,vargas,lucia@gmail.com,qwerty456
862.0,carlos,garcía,valentina@gmail.com,abcde789
863.0,sofía,rodríguez,miguel@gmail.com,mysecretpassword
864.0,valentina,gómez,lucia@gmail.com,user12345
865.0,valentina,rodríguez,carlos@gmail.com,
867.0,valentina,martínez,sofia@gmail.com,admin789
868.0,juan,sánchez,pedro@gmail.com,12345abc
869.0,juan,pérez,lucia@gmail.com,passw0rd
870.0,sofía,rodríguez,sofia@gmail.com,user12345
872.0,lucía,fernández,valentina@gmail.com,
874.0,luis,rodríguez,miguel@gmail.com,
876.0,ana,sánchez,ana@gmail.com,passw0rd
877.0,lucía,fernández,valentina@gmail.com,admin789
878.0,ana,martínez,andres@gmail.com,abcde789
879.0,luis,lópez,sofia@gmail.com,abcde789
880.0,lucía,díaz,miguel@gmail.com,welcome456
881.0,juan,fernández,sofia@gmail.com,admin789
882.0,juan,fernández,lucia@gmail.com,passw0rd
883.0,carlos,rodríguez,pedro@gmail.com,abcde789
885.0,carlos,rodríguez,luis@gmail.com,abcde789
886.0,miguel,vargas,maria@gmail.com,welcome456
887.0,miguel,fernández,maria@gmail.com,letmein123
888.0,valentina,vargas,andres@gmail.com,passw0rd
889.0,carlos,rodríguez,sofia@gmail.com,admin789
890.0,luis,sánchez,sofia@gmail.com,12345abc
891.0,carlos,gómez,ana@gmail.com,
892.0,miguel,garcía,andres@gmail.com,user12345
893.0,lucía,lópez,valentina@gmail.com,welcome456
894.0,juan,gómez,luis@gmail.com,
895.0,pedro,fernández,miguel@gmail.com,abcde789
896.0,sofía,gómez,miguel@gmail.com,abcde789
897.0,lucía,martínez,andres@gmail.com,mysecretpassword
898.0,sofía,fernández,luis@gmail.com,
899.0,ana,díaz,maria@gmail.com,qwerty456
901.0,juan,vargas,andres@gmail.com,admin789
902.0,valentina,rodríguez,maria@gmail.com,password123
903.0,miguel,martínez,sofia@gmail.com,
904.0,juan,lópez,sofia@gmail.com,qwerty456
905.0,juan,vargas,carlos@gmail.com,passw0rd
907.0,sofía,fernández,valentina@gmail.com,abcde789
908.0,lucía,martínez,andres@gmail.com,
910.0,juan,garcía,valentina@gmail.com,password123
911.0,juan,martínez,lucia@gmail.com,qwerty456
912.0,carlos,vargas,ana@gmail.com,admin789
913.0,juan,fernández,luis@gmail.com,password123
914.0,lucía,pérez,miguel@gmail.com,passw0rd
915.0,ana,vargas,miguel@gmail.com,mysecretpassword
916.0,maría,martínez,sofia@gmail.com,
917.0,sofía,sánchez,miguel@gmail.com,passw0rd
918.0,miguel,martínez,carlos@gmail.com,welcome456
919.0,juan,vargas,lucia@gmail.com,12345abc
920.0,luis,díaz,maria@gmail.com,
921.0,lucía,díaz,andres@gmail.com,12345abc
922.0,miguel,díaz,lucia@gmail.com,user12345
923.0,sofía,martínez,ana@gmail.com,letmein123
924.0,pedro,pérez,lucia@gmail.com,password123
925.0,miguel,vargas,luis@gmail.com,qwerty456
926.0,maría,díaz,carlos@gmail.com,mysecretpassword
928.0,maría,pérez,miguel@gmail.com,welcome456
929.0,lucía,lópez,miguel@gmail.com,qwerty456
930.0,ana,garcía,andres@gmail.com,qwerty456
932.0,carlos,gómez,maria@gmail.com,
933.0,lucía,gómez,valentina@gmail.com,letmein123
934.0,luis,vargas,sofia@gmail.com,
935.0,carlos,martínez,andres@gmail.com,
936.0,lucía,lópez,luis@gmail.com,user12345
937.0,valentina,rodríguez,maria@gmail.com,password123
938.0,miguel,díaz,carlos@gmail.com,letmein123
939.0,carlos,fernández,miguel@gmail.com,admin789
940.0,ana,garcía,maria@gmail.com,
941.0,valentina,rodríguez,andres@gmail.com,abcde789
942.0,valentina,rodríguez,andres@gmail.com,password123
943.0,maría,lópez,luis@gmail.com,password123
944.0,carlos,sánchez,pedro@gmail.com,
945.0,luis,lópez,carlos@gmail.com,user12345
946.0,luis,rodríguez,pedro@gmail.com,welcome456
947.0,juan,lópez,luis@gmail.com,
948.0,carlos,rodríguez,sofia@gmail.com,abcde789
949.0,carlos,gómez,valentina@gmail.com,password123
950.0,juan,díaz,lucia@gmail.com,admin789
951.0,maría,rodríguez,andres@gmail.com,abcde789
952.0,miguel,rodríguez,carlos@gmail.com,user12345
953.0,sofía,pérez,luis@gmail.com,
954.0,pedro,rodríguez,maria@gmail.com,
956.0,luis,vargas,valentina@gmail.com,passw0rd
957.0,valentina,pérez,andres@gmail.com,password123
958.0,juan,lópez,lucia@gmail.com,
959.0,juan,sánchez,ana@gmail.com,abcde789
960.0,pedro,vargas,carlos@gmail.com,passw0rd
962.0,maría,vargas,miguel@gmail.com,password123
963.0,miguel,fernández,luis@gmail.com,
964.0,lucía,martínez,sofia@gmail.com,
965.0,maría,martínez,luis@gmail.com,qwerty456
966.0,carlos,sánchez,luis@gmail.com,welcome456
967.0,sofía,garcía,andres@gmail.com,12345abc
968.0,sofía,martínez,miguel@gmail.com,
969.0,luis,vargas,miguel@gmail.com,
970.0,ana,lópez,carlos@gmail.com,12345abc
971.0,pedro,martínez,carlos@gmail.com,12345abc
972.0,maría,vargas,sofia@gmail.com,
973.0,carlos,martínez,luis@gmail.com,
974.0,pedro,fernández,valentina@gmail.com,qwerty456
975.0,sofía,martínez,maria@gmail.com,admin789
976.0,lucía,lópez,andres@gmail.com,
977.0,juan,fernández,lucia@gmail.com,letmein123
978.0,juan,garcía,maria@gmail.com,passw0rd
979.0,sofía,rodríguez,luis@gmail.com,qwerty456
980.0,maría,fernández,miguel@gmail.com,qwerty456
982.0,ana,lópez,pedro@gmail.com,letmein123
983.0,juan,vargas,luis@gmail.com,passw0rd
984.0,luis,martínez,maria@gmail.com,qwerty456
985.0,luis,garcía,miguel@gmail.com,user12345
987.0,luis,vargas,carlos@gmail.com,qwerty456
988.0,juan,vargas,pedro@gmail.com,password123
989.0,valentina,vargas,lucia@gmail.com,
990.0,valentina,sánchez,lucia@gmail.com,admin789
991.0,luis,vargas,andres@gmail.com,
992.0,lucía,rodríguez,ana@gmail.com,user12345
993.0,luis,rodríguez,valentina@gmail.com,welcome456
995.0,sofía,pérez,maria@gmail.com,user12345
996.0,miguel,díaz,lucia@gmail.com,
997.0,ana,sánchez,ana@gmail.com,
998.0,ana,díaz,sofia@gmail.com,admin789
999.0,miguel,pérez,ana@gmail.com,
1000.0,lucía,pérez,lucia@gmail.com,abcde789
